D,H,X,Y,Z,date
NA,NA,27390.772321833672,1078.5803694998851,39233.0,1965-01-01
NA,NA,27382.84120159166,1076.6725260794533,39233.0,1965-01-02
NA,NA,27379.655206658514,1081.3333271925999,39234.0,1965-01-03
NA,NA,27387.83734106064,1076.8689704901378,39233.0,1965-01-04
NA,NA,27382.747139922918,1079.0621256643476,39235.0,1965-01-05
NA,NA,27386.838113166843,1076.8296816080008,39235.0,1965-01-06
NA,NA,27386.744037768476,1079.219629988631,39233.0,1965-01-07
NA,NA,27367.852783184717,1076.0831928474,39235.0,1965-01-08
NA,NA,27376.72039979958,1079.6222261502007,39236.0,1965-01-09
NA,NA,27378.875592995806,1075.71895179848,39234.0,1965-01-10
NA,NA,27379.812190620778,1077.3511063409087,39236.0,1965-01-11
NA,NA,27381.81064412179,1077.4297422378718,39233.0,1965-01-12
NA,NA,27370.787809706257,1077.7934292040293,39237.0,1965-01-13
NA,NA,27376.845834228883,1076.436792786632,39233.0,1965-01-14
NA,NA,27383.903023697447,1075.1186858825647,39235.0,1965-01-15
NA,NA,27378.969362932334,1073.32969008252,39233.0,1965-01-16
NA,NA,27383.934286046733,1074.3221199781322,39236.0,1965-01-17
NA,NA,27378.001339646362,1072.4941241433025,39236.0,1965-01-18
NA,NA,27380.874051068287,1075.797471429998,39231.0,1965-01-19
NA,NA,27382.99750763418,1072.6898418928815,39225.0,1965-01-20
NA,NA,27376.78316334448,1078.029511292786,39223.0,1965-01-21
NA,NA,27371.8496947599,1076.2403483759474,39224.0,1965-01-22
NA,NA,27373.005171658544,1072.2984063937233,39223.0,1965-01-23
NA,NA,27377.876363959567,1075.679691982721,39225.0,1965-01-24
NA,NA,27380.811417371282,1077.3904242893902,39221.0,1965-01-25
NA,NA,27383.777742589078,1078.3049403963355,39222.0,1965-01-26
NA,NA,27381.87328010453,1075.8367312457572,39221.0,1965-01-27
NA,NA,27381.81064412179,1077.4297422378718,39222.0,1965-01-28
NA,NA,27378.90687280825,1074.9225321358244,39225.0,1965-01-29
NA,NA,27378.81296387027,1077.3117883924274,39224.0,1965-01-30
NA,NA,27380.842745804068,1076.5939483151794,39223.0,1965-01-31
NA,NA,27380.717293061833,1079.7798467394628,39228.0,1965-02-01
NA,NA,27383.840429485455,1076.71181496159,39227.0,1965-02-02
NA,NA,27383.8090976228,1077.5083781348346,39228.0,1965-02-03
NA,NA,27378.844290016474,1076.5153705509056,39227.0,1965-02-04
NA,NA,27377.813737119763,1077.2724704439458,39229.0,1965-02-05
NA,NA,27379.780840163592,1078.1475523371644,39229.0,1965-02-06
NA,NA,27349.023565317017,1071.3589611957439,39233.0,1965-02-07
NA,NA,27371.037882502274,1071.4239285294059,39230.0,1965-02-08
NA,NA,27367.852783184717,1076.0831928474,39234.0,1965-02-09
NA,NA,27368.85201107851,1076.1224817295367,39230.0,1965-02-10
NA,NA,27375.78393773811,1077.9901642779932,39233.0,1965-02-11
NA,NA,27372.942741542207,1073.8909014661904,39231.0,1965-02-12
NA,NA,27382.93505472814,1074.2829182952282,39232.0,1965-02-13
NA,NA,27378.938129453767,1074.1261115636132,39228.0,1965-02-14
NA,NA,27374.004405256106,1072.3375499436393,39231.0,1965-02-15
NA,NA,27373.03635197384,1071.5021574961502,39230.0,1965-02-16
NA,NA,27380.842745804068,1076.5939483151794,39230.0,1965-02-17
NA,NA,27379.062924366084,1070.9404201926868,39231.0,1965-02-18
NA,NA,27378.875592995806,1075.71895179848,39229.0,1965-02-19
NA,NA,27385.96399014184,1073.6038983975045,39226.0,1965-02-20
NA,NA,27376.877134923325,1075.6404321669618,39229.0,1965-02-21
NA,NA,27380.093302186273,1070.18305143299,39229.0,1965-02-22
NA,NA,27378.094828166915,1070.1049387326188,39229.0,1965-02-23
NA,NA,27371.100169099172,1069.8315442813205,39231.0,1965-02-24
NA,NA,27371.943510223613,1073.8516997832867,39232.0,1965-02-25
NA,NA,27374.16008089538,1068.3561510628424,39232.0,1965-02-26
NA,NA,27382.185069848085,1067.871621773251,39231.0,1965-02-27
NA,NA,27377.18886777717,1067.6767760224623,39229.0,1965-02-28
NA,NA,27374.97243309833,1073.1729996168144,39231.0,1965-03-01
NA,NA,27385.27588639651,1065.5987171303336,39229.0,1965-03-02
NA,NA,27372.161602334992,1068.278154629109,39230.0,1965-03-03
NA,NA,27352.676239081426,1080.267818640569,39240.0,1965-03-04
NA,NA,27373.098643118527,1069.9096569816913,39235.0,1965-03-05
NA,NA,27372.06827325402,1070.6668222751193,39235.0,1965-03-06
NA,NA,NA,NA,NA,1965-03-07
NA,NA,27379.21839674757,1066.9582855948886,39234.0,1965-03-08
NA,NA,27384.027934067424,1071.9324168132434,39233.0,1965-03-09
NA,NA,27384.090250224985,1070.339276833732,39232.0,1965-03-10
NA,NA,27380.999040439052,1072.61155479305,39233.0,1965-03-11
NA,NA,27385.08948723466,1070.3783331839174,39231.0,1965-03-12
NA,NA,27379.187348605537,1067.7547143227778,39230.0,1965-03-13
NA,NA,27376.220672105588,1066.841465344641,39230.0,1965-03-14
NA,NA,27375.159320175575,1068.395149279709,39228.0,1965-03-15
NA,NA,27377.15779873596,1068.4731457134424,39229.0,1965-03-16
NA,NA,27382.27815496328,1065.482071280834,39227.0,1965-03-17
NA,NA,27383.215362936873,1067.114045928552,39226.0,1965-03-18
NA,NA,27388.211570673506,1067.3087463456313,39225.0,1965-03-19
NA,NA,27390.303096528973,1064.9963757099345,39226.0,1965-03-20
NA,NA,27381.12365911074,1069.4256236344947,39227.0,1965-03-21
NA,NA,27383.246392440913,1066.3175000307472,39224.0,1965-03-22
NA,NA,27367.040943559154,1071.2674705959173,39231.0,1965-03-23
NA,NA,27375.376301147957,1062.820949429818,39227.0,1965-03-24
NA,NA,27372.223705916284,1066.6857050109775,39227.0,1965-03-25
NA,NA,27372.254722965037,1065.8894788476957,39229.0,1965-03-26
NA,NA,27379.280423530043,1065.3654254313342,39229.0,1965-03-27
NA,NA,27378.312157228753,1064.5301411140235,39231.0,1965-03-28
NA,NA,27374.34612728633,1063.5784425813076,39227.0,1965-03-29
NA,NA,27384.152473697315,1068.7461332315092,39229.0,1965-03-30
NA,NA,27381.247907081663,1066.2396779974652,39225.0,1965-03-31
NA,NA,27385.120611692175,1069.581732768665,39234.0,1965-04-01
NA,NA,27382.185069848085,1067.871621773251,39234.0,1965-04-02
NA,NA,27385.120611692175,1069.581732768665,39231.0,1965-04-03
NA,NA,27387.150191537894,1068.8631278821092,39231.0,1965-04-04
NA,NA,27378.157038016154,1068.512143930309,39233.0,1965-04-05
NA,NA,27390.085672283054,1070.573614934845,39230.0,1965-04-06
NA,NA,27371.224464368956,1066.6467649275617,39232.0,1965-04-07
NA,NA,27383.37027875086,1063.1313074235193,39230.0,1965-04-08
NA,NA,27377.25093636316,1066.084033930901,39230.0,1965-04-09
NA,NA,27381.12365911074,1069.4256236344947,39230.0,1965-04-10
NA,NA,27386.429831248723,1061.6544155656418,39230.0,1965-04-11
NA,NA,27379.46594786292,1060.586823326977,39232.0,1965-04-12
NA,NA,27381.30989205381,1064.6466997630012,39230.0,1965-04-13
NA,NA,27385.30687182055,1064.8021112949716,39230.0,1965-04-14
NA,NA,27375.34537335778,1063.6172663974269,39228.0,1965-04-15
NA,NA,27385.182791090632,1067.9885292237245,39227.0,1965-04-16
NA,NA,27396.112231291117,1070.0110328876337,39222.0,1965-04-17
NA,NA,27312.17622708101,1066.7327410700548,39234.0,1965-04-18
NA,NA,27329.349155086187,1062.6263498473866,39238.0,1965-04-19
NA,NA,27346.36723728582,1062.4913757299744,39234.0,1965-04-20
NA,NA,27356.390604341057,1062.0838491947777,39233.0,1965-04-21
NA,NA,27361.294034930645,1064.6655503343354,39230.0,1965-04-22
NA,NA,27367.41321914672,1061.7145061047056,39229.0,1965-04-23
NA,NA,27369.380817945777,1062.5881809345422,39228.0,1965-04-24
NA,NA,27376.37554834832,1062.8597441790307,39229.0,1965-04-25
NA,NA,27377.40570243106,1062.10216292744,39227.0,1965-04-26
NA,NA,27372.47119378865,1060.3158704889008,39228.0,1965-04-27
NA,NA,27376.499032376618,1059.6743510542199,39226.0,1965-04-28
NA,NA,27378.52835113607,1058.955299358076,39223.0,1965-04-29
NA,NA,27375.34537335778,1063.6172663974269,39225.0,1965-04-30
NA,NA,27376.406454102627,1062.0633972451665,39229.0,1965-05-01
NA,NA,27380.434334514768,1061.4219958738333,39230.0,1965-05-02
NA,NA,27384.338588000803,1063.9666807424983,39233.0,1965-05-03
NA,NA,27390.365009153404,1063.4028706680078,39228.0,1965-05-04
NA,NA,27360.294791119566,1064.6266683845022,39234.0,1965-05-05
NA,NA,27369.627352357977,1056.21900809348,39233.0,1965-05-06
NA,NA,27375.622889565504,1056.4503813701706,39233.0,1965-05-07
NA,NA,27374.807595068967,1051.634029952609,39234.0,1965-05-08
NA,NA,27361.69468682667,1054.318673305665,39236.0,1965-05-09
NA,NA,27365.722382388063,1053.6766534686901,39237.0,1965-05-10
NA,NA,27373.74710647286,1053.1881839770072,39237.0,1965-05-11
NA,NA,27375.71497801444,1054.0614035795018,39233.0,1965-05-12
NA,NA,27378.743409879895,1053.3804136959195,39234.0,1965-05-13
NA,NA,27383.647667459816,1055.9623214976216,39233.0,1965-05-14
NA,NA,27390.67318167431,1055.4352915777365,39227.0,1965-05-15
NA,NA,27379.619914370523,1056.6046302212978,39231.0,1965-05-16
NA,NA,27373.562873533247,1057.9657880679404,39231.0,1965-05-17
NA,NA,27380.8948607905,1049.4749269689548,39229.0,1965-05-18
NA,NA,27378.620658169268,1056.5660680085161,39228.0,1965-05-19
NA,NA,27389.82713477081,1051.4131097587756,39227.0,1965-05-20
NA,NA,27384.73897396834,1053.6110893586144,39228.0,1965-05-21
NA,NA,27373.655094234204,1055.576990041813,39229.0,1965-05-22
NA,NA,27373.716458889165,1053.9844535573393,39230.0,1965-05-23
NA,NA,27382.494542622055,1059.9064219417742,39227.0,1965-05-24
NA,NA,27387.920248828243,1048.94634935444,39227.0,1965-05-25
NA,NA,27389.796538815124,1052.2098470889216,39226.0,1965-05-26
NA,NA,27379.619914370523,1056.6046302212978,39226.0,1965-05-27
NA,NA,27380.77256348932,1052.6608316406687,39224.0,1965-05-28
NA,NA,27390.010223804595,1046.63266711857,39224.0,1965-05-29
NA,NA,27394.915120462138,1049.2142501295962,39223.0,1965-05-30
NA,NA,27397.00511879061,1046.8999574750032,39223.0,1965-05-31
NA,NA,27394.09855160433,1044.3948223681916,39223.0,1965-06-01
NA,NA,27386.92098145197,1048.908077815132,39222.0,1965-06-02
NA,NA,27387.920248828243,1048.94634935444,39222.0,1965-06-03
NA,NA,27385.044298413588,1045.6451472298877,39225.0,1965-06-04
NA,NA,27376.86726062592,1050.1180857735526,39225.0,1965-06-05
NA,NA,27381.25952850142,1039.9171278761198,39225.0,1965-06-06
NA,NA,27374.17374056445,1042.04031658658,39228.0,1965-06-07
NA,NA,27386.346588526558,1037.7169812139134,39227.0,1965-06-08
NA,NA,27369.086336498764,1044.2385289179053,39229.0,1965-06-09
NA,NA,27382.198259599027,1041.5481131528131,39224.0,1965-06-10
NA,NA,27389.25376507045,1040.2207422340998,39222.0,1965-06-11
NA,NA,27390.010223804595,1046.63266711857,39221.0,1965-06-12
NA,NA,27397.157094438764,1042.9152135450925,39217.0,1965-06-13
NA,NA,27391.25232421271,1040.2966458235949,39216.0,1965-06-14
NA,NA,27386.073976343974,1044.886674340944,39217.0,1965-06-15
NA,NA,27342.438370568176,1034.4602223773836,39221.0,1965-06-16
NA,NA,27351.85510153034,1049.955477574506,39225.0,1965-06-17
NA,NA,NA,NA,NA,1965-06-18
NA,NA,27372.17518805364,1041.9642385901875,39223.0,1965-06-19
NA,NA,27380.229988487186,1040.6756351269694,39218.0,1965-06-20
NA,NA,27383.197536960517,1041.5861230832254,39219.0,1965-06-21
NA,NA,27381.31998208966,1038.3241490100957,39218.0,1965-06-22
NA,NA,27389.13254448598,1043.4076195711325,39215.0,1965-06-23
NA,NA,27388.224216221053,1040.9794820277364,39212.0,1965-06-24
NA,NA,27390.28329295212,1039.4619434245415,39211.0,1965-06-25
NA,NA,27385.256646785936,1040.0689350551097,39214.0,1965-06-26
NA,NA,27381.138343298197,1043.1030750435477,39213.0,1965-06-27
NA,NA,27388.314954531343,1038.5894046227766,39210.0,1965-06-28
NA,NA,27388.284731602766,1039.3860979708074,39210.0,1965-06-29
NA,NA,27383.197536960517,1041.5861230832254,39211.0,1965-06-30
NA,NA,27387.37604688358,1036.9581797679184,39217.0,1965-07-01
NA,NA,27383.439183597857,1035.2137355143518,39217.0,1965-07-02
NA,NA,27389.404769348115,1036.23712576353,39213.0,1965-07-03
NA,NA,27393.432045395322,1035.5915093841888,39215.0,1965-07-04
NA,NA,27397.459307054512,1034.9456595841182,39214.0,1965-07-05
NA,NA,27383.348739888832,1037.603387440884,39216.0,1965-07-06
NA,NA,27379.47213604649,1034.2661898437195,39211.0,1965-07-07
NA,NA,27390.494382181114,1033.884664604739,39211.0,1965-07-08
NA,NA,27382.409773785148,1035.9724805783594,39214.0,1965-07-09
NA,NA,27375.35447685489,1037.3004707128057,39213.0,1965-07-10
NA,NA,27385.497940301837,1033.6960683507068,39213.0,1965-07-11
NA,NA,27391.373182804604,1037.1095218600508,39210.0,1965-07-12
NA,NA,27399.39762015236,1036.6151903137738,39210.0,1965-07-13
NA,NA,27392.342285802017,1037.944168759972,39211.0,1965-07-14
NA,NA,27388.314954531343,1038.5894046227766,39209.0,1965-07-15
NA,NA,27387.436328316842,1035.3648450622866,39211.0,1965-07-16
NA,NA,27397.429190114308,1035.7426189321236,39205.0,1965-07-17
NA,NA,27406.452892558525,1035.2853944543176,39205.0,1965-07-18
NA,NA,27390.34372004353,1037.8684395779524,39208.0,1965-07-19
NA,NA,27384.468572437607,1034.4549314382748,39207.0,1965-07-20
NA,NA,27388.405484267692,1036.1993193085057,39208.0,1965-07-21
NA,NA,27400.48726593966,1034.2618571128037,39209.0,1965-07-22
NA,NA,27391.493670556967,1033.9223838555456,39206.0,1965-07-23
NA,NA,27392.553065936398,1032.366470715918,39210.0,1965-07-24
NA,NA,27391.403339508965,1036.312738673579,39206.0,1965-07-25
NA,NA,27391.34300292277,1037.9063041689622,39205.0,1965-07-26
NA,NA,27398.54880934788,1032.5924374029273,39206.0,1965-07-27
NA,NA,27380.4112036243,1035.8968676683105,39206.0,1965-07-28
NA,NA,27385.527997715348,1032.8994560695562,39208.0,1965-07-29
NA,NA,27385.437755957348,1035.2892902883193,39207.0,1965-07-30
NA,NA,27391.553775367815,1032.3288096014167,39204.0,1965-07-31
NA,NA,27396.64022800849,1030.1263112195736,39204.0,1965-08-01
NA,NA,27396.610251257793,1030.923246743574,39202.0,1965-08-02
NA,NA,27391.553775367815,1032.3288096014167,39207.0,1965-08-03
NA,NA,27388.6159091944,1030.622422919021,39207.0,1965-08-04
NA,NA,27394.581667997845,1031.6449173026467,39202.0,1965-08-05
NA,NA,27391.703631786087,1028.3448586913835,39202.0,1965-08-06
NA,NA,27404.51449769552,1033.615569540285,39199.0,1965-08-07
NA,NA,27400.607422289493,1031.0736586558505,39201.0,1965-08-08
NA,NA,27392.613080226096,1030.7728348312976,39200.0,1965-08-09
NA,NA,27393.58237633417,1031.6072852563454,39199.0,1965-08-10
NA,NA,27395.700815928478,1028.4949217841115,39199.0,1965-08-11
NA,NA,27393.58237633417,1031.6072852563454,39201.0,1965-08-12
NA,NA,27402.665951240575,1029.554643872979,39200.0,1965-08-13
NA,NA,27380.800975141963,1025.5427634501445,39197.0,1965-08-14
NA,NA,27389.465008828727,1034.6436730328298,39202.0,1965-08-15
NA,NA,27406.5130766408,1033.6909499056246,39196.0,1965-08-16
NA,NA,27388.675822026173,1029.0290160918464,39198.0,1965-08-17
NA,NA,27385.707855572495,1028.1197640522917,39197.0,1965-08-18
NA,NA,27374.685692811767,1028.5033883107137,39200.0,1965-08-19
NA,NA,27383.73915652487,1027.248172257667,39198.0,1965-08-20
NA,NA,27377.563707407684,1031.801553998395,39202.0,1965-08-21
NA,NA,27380.741265145472,1027.1357121431988,39198.0,1965-08-22
NA,NA,27386.737047904262,1027.3606323721351,39197.0,1965-08-23
NA,NA,27379.77183351148,1026.301780594463,39201.0,1965-08-24
NA,NA,27377.503633295,1033.3943143442552,39202.0,1965-08-25
NA,NA,27386.64728949521,1029.7505721215216,39199.0,1965-08-26
NA,NA,27384.85779839026,1024.0992930102746,39195.0,1965-08-27
NA,NA,27386.766921026887,1026.5639840494855,39195.0,1965-08-28
NA,NA,27390.76411389283,1026.7138145952126,39194.0,1965-08-29
NA,NA,27394.82100090332,1025.2698807953884,39196.0,1965-08-30
NA,NA,27384.7085595369,1028.0822482791098,39192.0,1965-08-31
NA,NA,27398.145598224637,1016.6153542436713,39193.0,1965-09-01
NA,NA,27387.915242689807,1022.6180417141688,39195.0,1965-09-02
NA,NA,27390.883392053856,1023.5267475294646,39196.0,1965-09-03
NA,NA,27388.034044305303,1019.431306157362,39196.0,1965-09-04
NA,NA,27386.975384023786,1020.9874215068558,39195.0,1965-09-05
NA,NA,27387.915242689807,1022.6180417141688,39196.0,1965-09-06
NA,NA,27392.03127625981,1019.5800902353212,39195.0,1965-09-07
NA,NA,27389.973301492664,1021.0991839772828,39192.0,1965-09-08
NA,NA,27389.943587333273,1021.8959255720712,39193.0,1965-09-09
NA,NA,27390.03266028256,1019.5056981963415,39193.0,1965-09-10
NA,NA,27403.904101152355,1023.2150384182016,39192.0,1965-09-11
NA,NA,27392.03127625981,1019.5800902353212,39191.0,1965-09-12
NA,NA,27386.945673116705,1021.7840758958073,39190.0,1965-09-13
NA,NA,27386.18339811897,1015.3737659565925,39190.0,1965-09-14
NA,NA,27371.016161257663,1019.5951648433436,39195.0,1965-09-15
NA,NA,27361.814288334383,1024.831620657971,39199.0,1965-09-16
NA,NA,27376.042348441777,1018.9849539234841,39196.0,1965-09-17
NA,NA,27370.92708057335,1021.983732716134,39198.0,1965-09-18
NA,NA,27379.980243263068,1020.726642409193,39198.0,1965-09-19
NA,NA,27382.97816073195,1020.8384048796199,39195.0,1965-09-20
NA,NA,27383.97746655491,1020.8756590364288,39195.0,1965-09-21
NA,NA,27394.059541193783,1018.857621814669,39192.0,1965-09-22
NA,NA,27399.056086544748,1019.043456568584,39194.0,1965-09-23
NA,NA,27391.150412055926,1016.3557960323533,39193.0,1965-09-24
NA,NA,27381.919420766353,1022.3941679501565,39195.0,1965-09-25
NA,NA,27385.124968490876,1016.9299189902562,39196.0,1965-09-26
NA,NA,27373.103653801587,1017.2808649699816,39196.0,1965-09-27
NA,NA,27367.810084168355,1025.0561920660257,39199.0,1965-09-28
NA,NA,27379.83149499344,1024.7088883020663,39197.0,1965-09-29
NA,NA,27383.947758900133,1021.6722262195435,39195.0,1965-09-30
NA,NA,27393.119458337173,1017.2267894964567,39188.0,1965-10-01
NA,NA,27381.09813500889,1017.5779680263397,39191.0,1965-10-02
NA,NA,27384.066450491857,1018.4859523068388,39190.0,1965-10-03
NA,NA,27387.064377702434,1018.5974531591879,39191.0,1965-10-04
NA,NA,27398.145598224637,1016.6153542436713,39186.0,1965-10-05
NA,NA,27390.002992475765,1020.3024415184814,39188.0,1965-10-06
NA,NA,27404.022972123337,1020.026442469199,39183.0,1965-10-07
NA,NA,27397.293851451475,1012.5935103580728,39184.0,1965-10-08
NA,NA,27387.12359095245,1017.0041366168062,39187.0,1965-10-09
NA,NA,27394.20743828071,1014.8733065982558,39185.0,1965-10-10
NA,NA,27391.179965058967,1015.5590193348003,39185.0,1965-10-11
NA,NA,27393.060232123593,1018.820454863886,39185.0,1965-10-12
NA,NA,27394.118769567962,1017.2638983097319,39183.0,1965-10-13
NA,NA,27386.03542832805,1019.3569141183823,39183.0,1965-10-14
NA,NA,27385.124968490876,1016.9299189902562,39182.0,1965-10-15
NA,NA,27393.060232123593,1018.820454863886,39182.0,1965-10-16
NA,NA,27397.175845386962,1015.7813233886495,39182.0,1965-10-17
NA,NA,27395.14766129519,1016.5041150102493,39184.0,1965-10-18
NA,NA,27393.119458337173,1017.2267894964567,39183.0,1965-10-19
NA,NA,27396.087787272583,1018.135036257011,39183.0,1965-10-20
NA,NA,27395.14766129519,1016.5041150102493,39182.0,1965-10-21
NA,NA,27399.233525867738,1014.261403665455,39182.0,1965-10-22
NA,NA,27372.163478169423,1015.6512808873472,39186.0,1965-10-23
NA,NA,27376.219777904647,1014.2069176762564,39186.0,1965-10-24
NA,NA,27377.248583947498,1013.4475678320375,39186.0,1965-10-25
NA,NA,27386.27190191677,1012.983866744108,39185.0,1965-10-26
NA,NA,27389.181338282968,1015.4849179835172,39184.0,1965-10-27
NA,NA,27381.21635023133,1014.392025710145,39183.0,1965-10-28
NA,NA,27385.272585299295,1012.9469032751518,39183.0,1965-10-29
NA,NA,27386.212922558017,1014.5771337440339,39183.0,1965-10-30
NA,NA,27382.245161656643,1013.6325305214506,39183.0,1965-10-31
NA,NA,27385.21360809268,1014.5401121372561,39187.0,1965-11-01
NA,NA,27383.273952064344,1012.8729763372395,39188.0,1965-11-02
NA,NA,27385.360877316845,1010.5570835553214,39187.0,1965-11-03
NA,NA,27399.292486836028,1012.6673791580697,39186.0,1965-11-04
NA,NA,27388.388224379447,1009.8710168497745,39185.0,1965-11-05
NA,NA,27367.196443746983,1014.6698031194031,39190.0,1965-11-06
NA,NA,27375.27941912454,1012.5772685855901,39188.0,1965-11-07
NA,NA,27387.30067452871,1012.224166358088,39185.0,1965-11-08
NA,NA,27387.30067452871,1012.224166358088,39185.0,1965-11-09
NA,NA,27389.387545291054,1009.9078640427124,39183.0,1965-11-10
NA,NA,27395.324657479,1011.7227442946848,39184.0,1965-11-11
NA,NA,27400.35067490697,1011.1102274851611,39181.0,1965-11-12
NA,NA,27387.330107349146,1011.4275016466087,39184.0,1965-11-13
NA,NA,27389.358156674214,1010.7045886032786,39184.0,1965-11-14
NA,NA,27389.358156674214,1010.7045886032786,39184.0,1965-11-15
NA,NA,27391.356796352895,1010.7783411272572,39183.0,1965-11-16
NA,NA,27394.413520647227,1009.2952292468798,39183.0,1965-11-17
NA,NA,27398.322613777695,1011.8334602877134,39183.0,1965-11-18
NA,NA,27387.506217615846,1006.6474954289163,39185.0,1965-11-19
NA,NA,27372.48706199021,1006.8927654813066,39185.0,1965-11-20
NA,NA,27377.336919686826,1011.0584483365136,39186.0,1965-11-21
NA,NA,27382.333513517984,1011.2429749915611,39185.0,1965-11-22
NA,NA,27387.447606890142,1008.2408342491415,39183.0,1965-11-23
NA,NA,27393.414198664203,1009.2584111230244,39181.0,1965-11-24
NA,NA,27394.472192703353,1007.7014851644357,39181.0,1965-11-25
NA,NA,27392.326701180304,1011.6120283016562,39182.0,1965-11-26
NA,NA,27393.531445778874,1006.071035824073,39181.0,1965-11-27
NA,NA,27391.386187114265,1009.9815584285882,39182.0,1965-11-28
NA,NA,27394.38414984908,1010.092100007402,39180.0,1965-11-29
NA,NA,27392.53211951863,1006.0343339768592,39179.0,1965-11-30
NA,NA,27377.542225614987,1005.4838062686525,39190.0,1965-12-01
NA,NA,27377.425046935812,1008.6693211413387,39193.0,1965-12-02
NA,NA,27383.479627346784,1007.2971253228711,39190.0,1965-12-03
NA,NA,27387.506217615846,1006.6474954289163,39188.0,1965-12-04
NA,NA,27389.534140737902,1005.9242284352179,39185.0,1965-12-05
NA,NA,27390.504193192468,1006.7576881781787,39186.0,1965-12-06
NA,NA,27392.561372281925,1005.2375170914322,39185.0,1965-12-07
NA,NA,27398.440160479713,1008.6455138512995,39185.0,1965-12-08
NA,NA,27393.56069960936,1005.2741898694078,39186.0,1965-12-09
NA,NA,27390.533466998142,1005.9609302824316,39185.0,1965-12-10
NA,NA,27384.50824203923,1006.5373026796539,39186.0,1965-12-11
NA,NA,27383.538183176443,1005.7040173519352,39186.0,1965-12-12
NA,NA,27383.479627346784,1007.2971253228711,39185.0,1965-12-13
NA,NA,27388.65166940513,1002.7007190539997,39184.0,1965-12-14
NA,NA,27394.472192703353,1007.7014851644357,39185.0,1965-12-15
NA,NA,27400.526729600573,1006.3279487545694,39182.0,1965-12-16
NA,NA,27401.555318228828,1005.5675720932132,39181.0,1965-12-17
NA,NA,27390.650330452994,1002.7738901941502,39180.0,1965-12-18
NA,NA,27369.518364156127,1005.9863389333416,39186.0,1965-12-19
NA,NA,27382.5388569162,1005.6673155047214,39184.0,1965-12-20
NA,NA,27385.62450205812,1003.3875782936336,39184.0,1965-12-21
NA,NA,27394.676814725586,1002.1233540519808,39183.0,1965-12-22
NA,NA,27387.59395989785,1004.2574808118814,39183.0,1965-12-23
NA,NA,27394.647652548723,1002.9202324744515,39181.0,1965-12-24
NA,NA,27385.448960782946,1008.1672561396582,39181.0,1965-12-25
NA,NA,27382.65568626154,1002.4812056335478,39182.0,1965-12-26
NA,NA,27380.657025213677,1002.4080344933972,39184.0,1965-12-27
NA,NA,27378.68750932174,1001.538450040569,39184.0,1965-12-28
NA,NA,27382.65568626154,1002.4812056335478,39183.0,1965-12-29
NA,NA,27385.653677833336,1002.5909623437738,39182.0,1965-12-30
NA,NA,27383.596646322738,1004.110905977055,39181.0,1965-12-31
NA,NA,NA,NA,NA,1967-01-01
NA,NA,NA,NA,NA,1967-01-02
NA,NA,NA,NA,NA,1967-01-03
NA,NA,NA,NA,NA,1967-01-04
NA,NA,NA,NA,NA,1967-01-05
NA,NA,NA,NA,NA,1967-01-06
NA,NA,NA,NA,NA,1967-01-07
NA,NA,NA,NA,NA,1967-01-08
NA,NA,NA,NA,NA,1967-01-09
NA,NA,NA,NA,NA,1967-01-10
NA,NA,NA,NA,NA,1967-01-11
NA,NA,NA,NA,NA,1967-01-12
NA,NA,NA,NA,NA,1967-01-13
NA,NA,NA,NA,NA,1967-01-14
NA,NA,NA,NA,NA,1967-01-15
NA,NA,NA,NA,NA,1967-01-16
NA,NA,NA,NA,NA,1967-01-17
NA,NA,NA,NA,NA,1967-01-18
NA,NA,NA,NA,NA,1967-01-19
NA,NA,NA,NA,NA,1967-01-20
NA,NA,NA,NA,NA,1967-01-21
NA,NA,NA,NA,NA,1967-01-22
NA,NA,NA,NA,NA,1967-01-23
NA,NA,NA,NA,NA,1967-01-24
NA,NA,NA,NA,NA,1967-01-25
NA,NA,NA,NA,NA,1967-01-26
NA,NA,NA,NA,NA,1967-01-27
NA,NA,NA,NA,NA,1967-01-28
NA,NA,NA,NA,NA,1967-01-29
NA,NA,NA,NA,NA,1967-01-30
NA,NA,NA,NA,NA,1967-01-31
NA,NA,NA,NA,NA,1967-02-01
NA,NA,NA,NA,NA,1967-02-02
NA,NA,NA,NA,NA,1967-02-03
NA,NA,NA,NA,NA,1967-02-04
NA,NA,NA,NA,NA,1967-02-05
NA,NA,NA,NA,NA,1967-02-06
NA,NA,NA,NA,NA,1967-02-07
NA,NA,NA,NA,NA,1967-02-08
NA,NA,NA,NA,NA,1967-02-09
NA,NA,NA,NA,NA,1967-02-10
NA,NA,NA,NA,NA,1967-02-11
NA,NA,NA,NA,NA,1967-02-12
NA,NA,NA,NA,NA,1967-02-13
NA,NA,NA,NA,NA,1967-02-14
NA,NA,NA,NA,NA,1967-02-15
NA,NA,NA,NA,NA,1967-02-16
NA,NA,NA,NA,NA,1967-02-17
NA,NA,NA,NA,NA,1967-02-18
NA,NA,NA,NA,NA,1967-02-19
NA,NA,NA,NA,NA,1967-02-20
NA,NA,NA,NA,NA,1967-02-21
NA,NA,NA,NA,NA,1967-02-22
NA,NA,NA,NA,NA,1967-02-23
NA,NA,NA,NA,NA,1967-02-24
NA,NA,NA,NA,NA,1967-02-25
NA,NA,NA,NA,NA,1967-02-26
NA,NA,NA,NA,NA,1967-02-27
NA,NA,NA,NA,NA,1967-02-28
NA,NA,NA,NA,NA,1967-03-01
NA,NA,NA,NA,NA,1967-03-02
NA,NA,NA,NA,NA,1967-03-03
NA,NA,NA,NA,NA,1967-03-04
NA,NA,NA,NA,NA,1967-03-05
NA,NA,NA,NA,NA,1967-03-06
NA,NA,NA,NA,NA,1967-03-07
NA,NA,NA,NA,NA,1967-03-08
NA,NA,NA,NA,NA,1967-03-09
NA,NA,NA,NA,NA,1967-03-10
NA,NA,NA,NA,NA,1967-03-11
NA,NA,NA,NA,NA,1967-03-12
NA,NA,NA,NA,NA,1967-03-13
NA,NA,NA,NA,NA,1967-03-14
NA,NA,NA,NA,NA,1967-03-15
NA,NA,NA,NA,NA,1967-03-16
NA,NA,NA,NA,NA,1967-03-17
NA,NA,NA,NA,NA,1967-03-18
NA,NA,NA,NA,NA,1967-03-19
NA,NA,NA,NA,NA,1967-03-20
NA,NA,NA,NA,NA,1967-03-21
NA,NA,NA,NA,NA,1967-03-22
NA,NA,NA,NA,NA,1967-03-23
NA,NA,NA,NA,NA,1967-03-24
NA,NA,NA,NA,NA,1967-03-25
NA,NA,NA,NA,NA,1967-03-26
NA,NA,NA,NA,NA,1967-03-27
NA,NA,NA,NA,NA,1967-03-28
NA,NA,NA,NA,NA,1967-03-29
NA,NA,NA,NA,NA,1967-03-30
NA,NA,NA,NA,NA,1967-03-31
NA,NA,NA,NA,NA,1967-04-01
NA,NA,NA,NA,NA,1967-04-02
NA,NA,NA,NA,NA,1967-04-03
NA,NA,NA,NA,NA,1967-04-04
NA,NA,NA,NA,NA,1967-04-05
NA,NA,NA,NA,NA,1967-04-06
NA,NA,NA,NA,NA,1967-04-07
NA,NA,NA,NA,NA,1967-04-08
NA,NA,NA,NA,NA,1967-04-09
NA,NA,NA,NA,NA,1967-04-10
NA,NA,NA,NA,NA,1967-04-11
NA,NA,NA,NA,NA,1967-04-12
NA,NA,NA,NA,NA,1967-04-13
NA,NA,NA,NA,NA,1967-04-14
NA,NA,NA,NA,NA,1967-04-15
NA,NA,NA,NA,NA,1967-04-16
NA,NA,NA,NA,NA,1967-04-17
NA,NA,NA,NA,NA,1967-04-18
NA,NA,NA,NA,NA,1967-04-19
NA,NA,NA,NA,NA,1967-04-20
NA,NA,NA,NA,NA,1967-04-21
NA,NA,NA,NA,NA,1967-04-22
NA,NA,NA,NA,NA,1967-04-23
NA,NA,NA,NA,NA,1967-04-24
NA,NA,NA,NA,NA,1967-04-25
NA,NA,NA,NA,NA,1967-04-26
NA,NA,NA,NA,NA,1967-04-27
NA,NA,NA,NA,NA,1967-04-28
NA,NA,NA,NA,NA,1967-04-29
NA,NA,NA,NA,NA,1967-04-30
NA,NA,NA,NA,NA,1967-05-01
NA,NA,NA,NA,NA,1967-05-02
NA,NA,NA,NA,NA,1967-05-03
NA,NA,NA,NA,NA,1967-05-04
NA,NA,NA,NA,NA,1967-05-05
NA,NA,NA,NA,NA,1967-05-06
NA,NA,NA,NA,NA,1967-05-07
NA,NA,NA,NA,NA,1967-05-08
NA,NA,NA,NA,NA,1967-05-09
NA,NA,NA,NA,NA,1967-05-10
NA,NA,NA,NA,NA,1967-05-11
NA,NA,NA,NA,NA,1967-05-12
NA,NA,NA,NA,NA,1967-05-13
NA,NA,NA,NA,NA,1967-05-14
NA,NA,NA,NA,NA,1967-05-15
NA,NA,NA,NA,NA,1967-05-16
NA,NA,NA,NA,NA,1967-05-17
NA,NA,NA,NA,NA,1967-05-18
NA,NA,NA,NA,NA,1967-05-19
NA,NA,NA,NA,NA,1967-05-20
NA,NA,NA,NA,NA,1967-05-21
NA,NA,NA,NA,NA,1967-05-22
NA,NA,NA,NA,NA,1967-05-23
NA,NA,NA,NA,NA,1967-05-24
NA,NA,NA,NA,NA,1967-05-25
NA,NA,NA,NA,NA,1967-05-26
NA,NA,NA,NA,NA,1967-05-27
NA,NA,NA,NA,NA,1967-05-28
NA,NA,NA,NA,NA,1967-05-29
NA,NA,NA,NA,NA,1967-05-30
NA,NA,NA,NA,NA,1967-05-31
NA,NA,NA,NA,NA,1967-06-01
NA,NA,NA,NA,NA,1967-06-02
NA,NA,NA,NA,NA,1967-06-03
NA,NA,NA,NA,NA,1967-06-04
NA,NA,NA,NA,NA,1967-06-05
NA,NA,NA,NA,NA,1967-06-06
NA,NA,NA,NA,NA,1967-06-07
NA,NA,NA,NA,NA,1967-06-08
NA,NA,NA,NA,NA,1967-06-09
NA,NA,NA,NA,NA,1967-06-10
NA,NA,NA,NA,NA,1967-06-11
NA,NA,NA,NA,NA,1967-06-12
NA,NA,NA,NA,NA,1967-06-13
NA,NA,NA,NA,NA,1967-06-14
NA,NA,NA,NA,NA,1967-06-15
NA,NA,NA,NA,NA,1967-06-16
NA,NA,NA,NA,NA,1967-06-17
NA,NA,NA,NA,NA,1967-06-18
NA,NA,NA,NA,NA,1967-06-19
NA,NA,NA,NA,NA,1967-06-20
NA,NA,NA,NA,NA,1967-06-21
NA,NA,NA,NA,NA,1967-06-22
NA,NA,NA,NA,NA,1967-06-23
NA,NA,NA,NA,NA,1967-06-24
NA,NA,NA,NA,NA,1967-06-25
NA,NA,NA,NA,NA,1967-06-26
NA,NA,NA,NA,NA,1967-06-27
NA,NA,NA,NA,NA,1967-06-28
NA,NA,NA,NA,NA,1967-06-29
NA,NA,NA,NA,NA,1967-06-30
NA,NA,NA,NA,NA,1967-07-01
NA,NA,NA,NA,NA,1967-07-02
NA,NA,NA,NA,NA,1967-07-03
NA,NA,NA,NA,NA,1967-07-04
NA,NA,NA,NA,NA,1967-07-05
NA,NA,NA,NA,NA,1967-07-06
NA,NA,NA,NA,NA,1967-07-07
NA,NA,NA,NA,NA,1967-07-08
NA,NA,NA,NA,NA,1967-07-09
NA,NA,NA,NA,NA,1967-07-10
NA,NA,NA,NA,NA,1967-07-11
NA,NA,NA,NA,NA,1967-07-12
NA,NA,NA,NA,NA,1967-07-13
NA,NA,NA,NA,NA,1967-07-14
NA,NA,NA,NA,NA,1967-07-15
NA,NA,NA,NA,NA,1967-07-16
NA,NA,NA,NA,NA,1967-07-17
NA,NA,NA,NA,NA,1967-07-18
NA,NA,NA,NA,NA,1967-07-19
NA,NA,NA,NA,NA,1967-07-20
NA,NA,NA,NA,NA,1967-07-21
NA,NA,NA,NA,NA,1967-07-22
NA,NA,NA,NA,NA,1967-07-23
NA,NA,NA,NA,NA,1967-07-24
NA,NA,NA,NA,NA,1967-07-25
NA,NA,NA,NA,NA,1967-07-26
NA,NA,NA,NA,NA,1967-07-27
NA,NA,NA,NA,NA,1967-07-28
NA,NA,NA,NA,NA,1967-07-29
NA,NA,NA,NA,NA,1967-07-30
NA,NA,NA,NA,NA,1967-07-31
NA,NA,NA,NA,NA,1967-08-01
NA,NA,NA,NA,NA,1967-08-02
NA,NA,NA,NA,NA,1967-08-03
NA,NA,NA,NA,NA,1967-08-04
NA,NA,NA,NA,NA,1967-08-05
NA,NA,NA,NA,NA,1967-08-06
NA,NA,NA,NA,NA,1967-08-07
NA,NA,NA,NA,NA,1967-08-08
NA,NA,NA,NA,NA,1967-08-09
NA,NA,NA,NA,NA,1967-08-10
NA,NA,NA,NA,NA,1967-08-11
NA,NA,NA,NA,NA,1967-08-12
NA,NA,NA,NA,NA,1967-08-13
NA,NA,NA,NA,NA,1967-08-14
NA,NA,NA,NA,NA,1967-08-15
NA,NA,NA,NA,NA,1967-08-16
NA,NA,NA,NA,NA,1967-08-17
NA,NA,NA,NA,NA,1967-08-18
NA,NA,NA,NA,NA,1967-08-19
NA,NA,NA,NA,NA,1967-08-20
NA,NA,NA,NA,NA,1967-08-21
NA,NA,NA,NA,NA,1967-08-22
NA,NA,NA,NA,NA,1967-08-23
NA,NA,NA,NA,NA,1967-08-24
NA,NA,NA,NA,NA,1967-08-25
NA,NA,NA,NA,NA,1967-08-26
NA,NA,NA,NA,NA,1967-08-27
NA,NA,NA,NA,NA,1967-08-28
NA,NA,NA,NA,NA,1967-08-29
NA,NA,NA,NA,NA,1967-08-30
NA,NA,NA,NA,NA,1967-08-31
NA,NA,NA,NA,NA,1967-09-01
-1.8533333333333335,27402.0,27387.66570930582,-886.2115973706697,NA,1967-09-02
-1.8533333333333335,27411.0,27396.66100130581,-886.5026675252692,NA,1967-09-03
-1.8583333333333334,27407.0,27392.585638784127,-888.7637604433975,NA,1967-09-04
-1.8583333333333334,27416.0,27401.580905349205,-889.0556155842006,NA,1967-09-05
NA,NA,NA,NA,NA,1967-09-06
-1.8516666666666666,27427.0,27412.67842229981,-886.2227234608463,NA,1967-09-07
-1.8483333333333334,27416.0,27401.73565747573,-884.2731239968905,NA,1967-09-08
-1.8483333333333334,27403.0,27388.742421279814,-883.8538232012982,NA,1967-09-09
NA,27412.0,NA,NA,NA,1967-09-10
-1.8533333333333335,27423.0,27408.654723972464,-886.8907610647352,NA,1967-09-11
-1.8416666666666668,27424.0,27409.834229463788,-881.3418821974259,NA,1967-09-12
-1.85,27404.0,27389.716178195387,-884.682812030324,NA,1967-09-13
-1.8433333333333333,27399.0,27384.821517714696,-881.3350344280177,NA,1967-09-14
-1.8566666666666667,27411.0,27396.60938030736,-888.0965391525428,NA,1967-09-15
-1.8383333333333334,27403.0,27388.89626571784,-879.0735724313837,NA,1967-09-16
-1.8466666666666667,27409.0,27394.765003828823,-883.2504656073372,NA,1967-09-17
-1.8416666666666668,27405.0,27390.844043846817,-880.7312675620061,NA,1967-09-18
-1.8450000000000002,27402.0,27387.794313878225,-882.2282135024013,NA,1967-09-19
-1.8433333333333333,27393.0,27378.824622605156,-881.1420343109854,NA,1967-09-20
-1.8566666666666667,27358.0,27343.637205007068,-886.3793775540939,NA,1967-09-21
-1.8466666666666667,27389.0,27374.77539092516,-882.6059689342683,NA,1967-09-22
-1.8416666666666668,27401.0,27386.84611003272,-880.602717112444,NA,1967-09-23
NA,27399.0,NA,NA,NA,1967-09-24
-1.8416666666666668,27411.0,27396.840944567964,-880.9240932363492,NA,1967-09-25
-1.8450000000000002,NA,NA,NA,NA,1967-09-26
-1.84,27408.0,27393.868104856218,-880.0308254494686,NA,1967-09-27
-1.8483333333333334,27380.0,27365.75438801012,-883.1119833321732,NA,1967-09-28
-1.85,27358.0,27343.740154833944,-883.1977949031385,NA,1967-09-29
-1.8516666666666666,27377.0,27362.704530838295,-884.6071207272976,NA,1967-09-30
-1.8450000000000002,27395.0,27380.797942803223,-882.0028431829168,NA,1967-10-01
-1.8466666666666667,27400.0,27385.769678022174,-882.9604421044561,NA,1967-10-02
-1.84,27407.0,27392.86862046827,-879.9987169108869,NA,1967-10-03
NA,NA,NA,NA,NA,1967-10-04
NA,27409.0,NA,NA,NA,1967-10-05
-1.8433333333333333,27409.0,27394.816342897262,-881.6567012897382,NA,1967-10-06
-1.8366666666666667,27413.0,27398.916687886376,-878.5973652711996,NA,1967-10-07
-1.8416666666666668,27419.0,27404.836812196165,-881.1811941354733,NA,1967-10-08
NA,NA,NA,NA,NA,1967-10-09
NA,NA,NA,NA,NA,1967-10-10
-1.84,27399.0,27384.872745364693,-879.7418486022326,NA,1967-10-11
NA,NA,NA,NA,NA,1967-10-12
NA,NA,NA,NA,NA,1967-10-13
-1.8366666666666667,27408.0,27393.9192566151,-878.4371133167854,NA,1967-10-14
NA,NA,NA,NA,NA,1967-10-15
-1.8416666666666668,27413.0,27398.839911475014,-880.9883684611302,NA,1967-10-16
-1.8416666666666668,27413.0,27398.839911475014,-880.9883684611302,NA,1967-10-17
-1.8366666666666667,27412.0,27397.91720163212,-878.5653148803167,NA,1967-10-18
-1.8366666666666667,27415.0,27400.915660394883,-878.6614660529652,NA,1967-10-19
NA,27423.0,NA,NA,NA,1967-10-20
-1.8316666666666666,27421.0,27406.98916802204,-876.462060743416,NA,1967-10-21
-1.8383333333333334,27430.0,27415.882369398983,-879.9397179795225,NA,1967-10-22
NA,NA,NA,NA,NA,1967-10-23
-1.8383333333333334,27414.0,27399.890604254604,-879.4264465435883,NA,1967-10-24
NA,NA,NA,NA,NA,1967-10-25
NA,NA,NA,NA,NA,1967-10-26
NA,NA,NA,NA,NA,1967-10-27
-1.9016666666666668,27433.0,27417.891304709345,-910.343563246179,NA,1967-10-28
-1.9016666666666668,27431.0,27415.892406207196,-910.2771947437734,NA,1967-10-29
NA,NA,NA,NA,NA,1967-10-30
NA,NA,NA,NA,NA,1967-10-31
NA,NA,NA,NA,NA,1967-11-01
NA,NA,NA,NA,NA,1967-11-02
NA,NA,NA,NA,NA,1967-11-03
NA,NA,NA,NA,NA,1967-11-04
NA,NA,NA,NA,NA,1967-11-05
NA,NA,NA,NA,NA,1967-11-06
NA,NA,NA,NA,NA,1967-11-07
NA,NA,NA,NA,NA,1967-11-08
NA,NA,NA,NA,NA,1967-11-09
NA,NA,NA,NA,NA,1967-11-10
NA,NA,NA,NA,NA,1967-11-11
NA,NA,NA,NA,NA,1967-11-12
NA,NA,NA,NA,NA,1967-11-13
NA,NA,NA,NA,NA,1967-11-14
NA,NA,NA,NA,NA,1967-11-15
NA,NA,NA,NA,NA,1967-11-16
NA,NA,NA,NA,NA,1967-11-17
NA,NA,NA,NA,NA,1967-11-18
NA,NA,NA,NA,NA,1967-11-19
NA,NA,NA,NA,NA,1967-11-20
NA,NA,NA,NA,NA,1967-11-21
NA,NA,NA,NA,NA,1967-11-22
NA,NA,NA,NA,NA,1967-11-23
NA,NA,NA,NA,NA,1967-11-24
NA,NA,NA,NA,NA,1967-11-25
NA,NA,NA,NA,NA,1967-11-26
NA,NA,NA,NA,NA,1967-11-27
NA,NA,NA,NA,NA,1967-11-28
NA,NA,NA,NA,NA,1967-11-29
NA,NA,NA,NA,NA,1967-11-30
NA,NA,NA,NA,NA,1967-12-01
NA,NA,NA,NA,NA,1967-12-02
NA,NA,NA,NA,NA,1967-12-03
NA,NA,NA,NA,NA,1967-12-04
NA,NA,NA,NA,NA,1967-12-05
NA,NA,NA,NA,NA,1967-12-06
NA,NA,NA,NA,NA,1967-12-07
NA,NA,NA,NA,NA,1967-12-08
NA,NA,NA,NA,NA,1967-12-09
NA,NA,NA,NA,NA,1967-12-10
NA,NA,NA,NA,NA,1967-12-11
NA,NA,NA,NA,NA,1967-12-12
NA,NA,NA,NA,NA,1967-12-13
NA,NA,NA,NA,NA,1967-12-14
NA,NA,NA,NA,NA,1967-12-15
NA,NA,NA,NA,NA,1967-12-16
NA,NA,NA,NA,NA,1967-12-17
NA,NA,NA,NA,NA,1967-12-18
NA,NA,NA,NA,NA,1967-12-19
NA,NA,NA,NA,NA,1967-12-20
NA,NA,NA,NA,NA,1967-12-21
NA,NA,NA,NA,NA,1967-12-22
NA,NA,NA,NA,NA,1967-12-23
NA,NA,NA,NA,NA,1967-12-24
NA,NA,NA,NA,NA,1967-12-25
NA,NA,NA,NA,NA,1967-12-26
-1.81,27390.0,27376.334113672947,-865.1187759762846,NA,1967-12-27
NA,NA,NA,NA,NA,1967-12-28
NA,27402.0,NA,NA,NA,1967-12-29
-1.8183333333333334,27408.0,27394.198933941156,-869.6716435858583,NA,1967-12-30
NA,NA,NA,NA,NA,1967-12-31
NA,NA,27340.25136149667,867.1628971418857,38983.0,1968-01-01
NA,NA,27347.498998166782,859.4297791366682,38979.0,1968-01-02
NA,NA,27356.268547520467,866.8743599520861,NA,1968-01-03
NA,NA,27372.36125945054,864.1962058070394,38976.0,1968-01-04
NA,NA,27379.483208098485,860.4349234271683,38973.0,1968-01-05
NA,NA,27371.361757469254,864.1646496759575,38976.0,1968-01-06
NA,NA,27383.456190062392,861.3571192796117,38969.0,1968-01-07
NA,NA,27384.279730562772,866.964611901072,38970.0,1968-01-08
NA,NA,27396.42468412058,862.5627671703704,38967.0,1968-01-09
NA,NA,27388.403551072257,863.107712636464,38966.0,1968-01-10
NA,NA,27399.347812945212,865.0482213462489,38965.0,1968-01-11
NA,NA,27375.460144892466,861.1056006113546,38970.0,1968-01-12
NA,NA,27382.305937667865,866.1048065673538,38971.0,1968-01-13
NA,NA,27376.509703131196,859.5443411269957,38970.0,1968-01-14
NA,NA,NA,NA,NA,1968-01-15
NA,NA,NA,NA,NA,1968-01-16
NA,NA,NA,NA,38970.0,1968-01-17
NA,NA,27389.50330028858,859.9523030267638,38971.0,1968-01-18
NA,NA,27389.35279313237,864.7326600354305,38966.0,1968-01-19
NA,NA,27390.47778026251,860.7804417770277,38968.0,1968-01-20
NA,NA,27391.376941395516,863.99898980611,38968.0,1968-01-21
NA,NA,27397.549358315093,858.6094331465504,38963.0,1968-01-22
NA,NA,27399.27221891807,867.4392622105295,38965.0,1968-01-23
NA,NA,27391.552302529097,858.4214919332097,38963.0,1968-01-24
NA,NA,NA,NA,NA,1968-01-25
NA,NA,27397.499360077738,860.2033565035443,38963.0,1968-01-26
NA,NA,27388.478767141776,860.7176202588714,38967.0,1968-01-27
NA,NA,27375.435084763903,861.9019201032205,38968.0,1968-01-28
NA,NA,27374.485675296655,860.2778696317777,38967.0,1968-01-29
NA,NA,27383.531253382658,858.9674586473787,38965.0,1968-01-30
NA,NA,NA,NA,NA,1968-01-31
NA,NA,27395.400077780436,863.3281985129861,38961.0,1968-02-01
NA,NA,27381.482221219216,860.4977449453246,38964.0,1968-02-02
NA,NA,27374.460639246226,861.0741607778225,38962.0,1968-02-03
NA,NA,27367.288243760104,866.4266748836868,38965.0,1968-02-04
NA,NA,27382.506747973064,859.732631234581,38963.0,1968-02-05
NA,NA,NA,NA,NA,1968-02-06
NA,NA,27398.52387917383,859.4377477987351,38964.0,1968-02-07
NA,NA,27394.224220073873,868.8747782724575,38970.0,1968-02-08
NA,NA,27372.336109421227,864.9924351546744,38969.0,1968-02-09
NA,NA,27367.53911920541,858.465816885932,38971.0,1968-02-10
NA,NA,27326.484368226662,859.5650487682806,38974.0,1968-02-11
NA,NA,27359.543052116784,858.2149960052086,38972.0,1968-02-12
NA,NA,NA,NA,NA,1968-02-13
NA,NA,NA,NA,NA,1968-02-14
NA,NA,27386.67929593883,854.2816522643519,38964.0,1968-02-15
NA,NA,27379.608063692194,856.452729928095,NA,1968-02-16
NA,NA,27389.67783746758,854.375186751826,38962.0,1968-02-17
NA,NA,27377.559172361776,857.982962435415,38964.0,1968-02-18
NA,NA,27376.40950528681,862.7297368481406,NA,1968-02-19
NA,NA,NA,NA,NA,1968-02-20
NA,NA,27372.61148586407,856.2338722232253,38963.0,1968-02-21
NA,NA,27386.504777867645,859.8581579729712,38962.0,1968-02-22
NA,NA,27391.527320471283,859.2182795281021,38958.0,1968-02-23
NA,NA,27395.57530224292,857.7498814559422,38958.0,1968-02-24
NA,NA,27393.52633724344,859.280984748283,38960.0,1968-02-25
NA,NA,NA,NA,NA,1968-02-26
NA,NA,27396.748907395042,852.2026197733666,38960.0,1968-02-27
NA,NA,NA,NA,NA,1968-02-28
NA,NA,27360.492583451538,859.8381190046839,38969.0,1968-02-29
NA,NA,NA,NA,NA,1968-03-01
NA,NA,NA,NA,NA,1968-03-02
NA,NA,NA,NA,NA,1968-03-03
NA,NA,NA,NA,NA,1968-03-04
NA,NA,NA,NA,NA,1968-03-05
NA,NA,NA,NA,NA,1968-03-06
NA,NA,NA,NA,NA,1968-03-07
NA,NA,NA,NA,NA,1968-03-08
NA,NA,NA,NA,NA,1968-03-09
NA,NA,NA,NA,NA,1968-03-10
NA,NA,NA,NA,NA,1968-03-11
NA,NA,NA,NA,NA,1968-03-12
NA,NA,NA,NA,NA,1968-03-13
NA,NA,NA,NA,NA,1968-03-14
NA,NA,NA,NA,NA,1968-03-15
NA,NA,NA,NA,NA,1968-03-16
NA,NA,NA,NA,NA,1968-03-17
NA,NA,NA,NA,NA,1968-03-18
NA,NA,NA,NA,NA,1968-03-19
NA,NA,NA,NA,NA,1968-03-20
NA,NA,NA,NA,NA,1968-03-21
NA,NA,NA,NA,NA,1968-03-22
NA,NA,NA,NA,NA,1968-03-23
NA,NA,NA,NA,NA,1968-03-24
NA,NA,NA,NA,NA,1968-03-25
NA,NA,NA,NA,NA,1968-03-26
NA,NA,NA,NA,NA,1968-03-27
NA,NA,NA,NA,NA,1968-03-28
NA,NA,NA,NA,NA,1968-03-29
NA,NA,NA,NA,NA,1968-03-30
NA,NA,NA,NA,NA,1968-03-31
NA,NA,27369.9593403862,844.9939086207629,38959.0,1968-04-01
NA,NA,27384.927591979937,846.2533793233054,38955.0,1968-04-02
NA,NA,27386.9758279923,844.7218459146379,38951.0,1968-04-03
NA,NA,27382.97772933128,844.5985288568401,38959.0,1968-04-04
NA,NA,27373.031555169764,842.6977392163908,38960.0,1968-04-05
NA,NA,27362.061255802455,841.5633272156376,38960.0,1968-04-06
NA,NA,27388.99943949112,843.986791102313,38953.0,1968-04-07
NA,NA,27391.998016175978,844.0791916706403,38954.0,1968-04-08
NA,NA,27405.114383192365,840.4936907217387,38949.0,1968-04-09
NA,NA,27398.093218657083,841.0760856050719,38950.0,1968-04-10
NA,NA,27409.014507626718,843.80549933513,38948.0,1968-04-11
NA,NA,27415.9620432847,845.6158945836717,38948.0,1968-04-12
NA,NA,27395.94695835538,845.7962254459516,38950.0,1968-04-13
NA,NA,27389.097456409523,840.7999306026843,38949.0,1968-04-14
NA,NA,27394.972025314342,844.9684800302334,38950.0,1968-04-15
NA,NA,NA,NA,NA,1968-04-16
NA,NA,27398.06874115392,841.8730634748404,38949.0,1968-04-17
NA,NA,27404.09039348879,841.2601889399969,38947.0,1968-04-18
NA,NA,27409.063551855925,842.2109060817581,38947.0,1968-04-19
NA,NA,27415.134129788647,840.0027652916762,38947.0,1968-04-20
NA,NA,27414.18342007132,838.3772484311039,38941.0,1968-04-21
NA,NA,27402.1646393175,838.8075343830178,38946.0,1968-04-22
NA,NA,NA,NA,NA,1968-04-23
NA,NA,NA,NA,NA,1968-04-24
NA,NA,NA,NA,NA,1968-04-25
NA,NA,NA,NA,38932.0,1968-04-26
NA,NA,27388.07345869755,841.5659338321879,38932.0,1968-04-27
NA,NA,NA,NA,NA,1968-04-28
NA,NA,27400.018769512477,843.5285593054452,38930.0,1968-04-29
NA,NA,NA,NA,NA,1968-04-30
NA,NA,27399.40885719384,830.7456146906181,38960.0,1968-05-01
NA,NA,27396.118612915587,840.2177973955846,38934.0,1968-05-02
NA,NA,27406.064967119015,842.1187671889624,38949.0,1968-05-03
NA,NA,27404.04140457848,842.854492868352,38946.0,1968-05-04
NA,NA,27407.211060742666,837.3660322133373,38946.0,1968-05-05
NA,NA,27425.178279794247,838.7134919040591,38941.0,1968-05-06
NA,NA,27382.97772933128,844.5985288568401,38943.0,1968-05-07
NA,NA,27386.342262348757,832.7415502365761,38944.0,1968-05-08
NA,NA,NA,NA,NA,1968-05-09
NA,NA,27402.189027646305,838.0104373696983,38942.0,1968-05-10
NA,NA,NA,NA,38943.0,1968-05-11
NA,NA,27394.14398042575,839.359624775739,38939.0,1968-05-12
NA,NA,27407.23540713774,836.5687884061789,38937.0,1968-05-13
NA,NA,27404.16370294247,838.8687277103483,38937.0,1968-05-14
NA,NA,NA,NA,NA,1968-05-15
NA,NA,27394.168384817607,838.5627610736957,38941.0,1968-05-16
NA,NA,27400.262982781293,835.5581813525926,38942.0,1968-05-17
NA,NA,27395.167916630093,838.593357737361,38937.0,1968-05-18
NA,NA,27397.19136413588,837.8575994274458,38937.0,1968-05-19
NA,NA,27386.000862806264,843.8943905339855,38942.0,1968-05-20
NA,NA,27385.269952294235,835.1009759128272,38944.0,1968-05-21
NA,NA,NA,NA,NA,1968-05-22
NA,NA,27393.29052282692,834.5479806462637,38944.0,1968-05-23
NA,NA,27383.075817469366,841.4123690108615,38942.0,1968-05-24
NA,NA,27392.218056880116,836.90795451519,38943.0,1968-05-25
NA,NA,27402.213392788482,837.2133396472882,38935.0,1968-05-26
NA,NA,27423.25229619478,836.2592296935662,38933.0,1968-05-27
NA,NA,27411.30645572707,834.2987415881345,38935.0,1968-05-28
NA,NA,27403.164171129985,838.838131046683,38939.0,1968-05-29
NA,NA,NA,NA,38936.0,1968-05-30
NA,NA,27404.139289646177,839.6658821642804,38938.0,1968-05-31
NA,NA,27414.280784119313,835.1874576802552,38933.0,1968-06-01
NA,NA,27399.16604388004,838.715744392022,38939.0,1968-06-02
NA,NA,27401.213859197647,837.1828011340783,38935.0,1968-06-03
NA,NA,27404.309695765354,834.085786104211,38930.0,1968-06-04
NA,NA,27400.23866578654,836.3552223405757,38929.0,1968-06-05
NA,NA,27406.235872658996,836.5382789682357,38930.0,1968-06-06
NA,NA,27420.156211942256,839.3582743289924,38927.0,1968-06-07
NA,NA,27416.376856594492,832.0583255937839,38924.0,1968-06-08
NA,NA,27410.40380456832,831.0789797045389,38929.0,1968-06-09
NA,NA,27385.318490154983,833.5077640764188,38926.0,1968-06-10
NA,NA,27361.11064052822,839.9407817063674,38937.0,1968-06-11
NA,NA,27360.135531808468,839.1142240909678,38938.0,1968-06-12
NA,NA,27368.30211652645,833.7866984629404,38936.0,1968-06-13
NA,NA,27379.321267330655,833.3252308044844,38938.0,1968-06-14
NA,NA,27394.29005907894,834.5784319335967,38933.0,1968-06-15
NA,NA,27397.506244981163,827.4971638732508,38937.0,1968-06-16
NA,NA,27387.14726397145,839.1452446037599,38935.0,1968-06-17
NA,NA,27394.314324391475,833.7815639843203,38933.0,1968-06-18
NA,NA,NA,NA,NA,1968-06-19
NA,NA,27406.45393866891,829.36331460914,38932.0,1968-06-20
NA,NA,NA,NA,NA,1968-06-21
NA,NA,27404.212459970156,837.2744166737078,NA,1968-06-22
NA,NA,27398.55388639391,825.9333716281973,NA,1968-06-23
NA,NA,27407.477595585973,828.5963115130183,NA,1968-06-24
NA,NA,27419.52029579491,827.3637340921696,38929.0,1968-06-25
NA,NA,27426.153402817174,839.5418543109839,NA,1968-06-26
NA,NA,27410.18528926298,838.254978077302,NA,1968-06-27
NA,NA,27420.25369009737,836.1677886056132,NA,1968-06-28
NA,NA,27415.52211552431,827.2430919612142,38929.0,1968-06-29
NA,NA,27400.335794655515,833.1670541492485,38929.0,1968-06-30
NA,NA,NA,NA,NA,1968-07-01
NA,NA,NA,NA,NA,1968-07-02
NA,NA,NA,NA,NA,1968-07-03
NA,NA,NA,NA,NA,1968-07-04
NA,NA,NA,NA,NA,1968-07-05
NA,NA,NA,NA,NA,1968-07-06
NA,NA,NA,NA,NA,1968-07-07
NA,NA,NA,NA,NA,1968-07-08
NA,NA,NA,NA,NA,1968-07-09
NA,NA,NA,NA,NA,1968-07-10
NA,NA,NA,NA,NA,1968-07-11
NA,NA,NA,NA,NA,1968-07-12
NA,NA,NA,NA,NA,1968-07-13
NA,NA,NA,NA,NA,1968-07-14
NA,NA,NA,NA,NA,1968-07-15
NA,NA,NA,NA,NA,1968-07-16
NA,NA,NA,NA,NA,1968-07-17
NA,NA,NA,NA,NA,1968-07-18
NA,NA,NA,NA,NA,1968-07-19
NA,NA,NA,NA,NA,1968-07-20
NA,NA,NA,NA,NA,1968-07-21
NA,NA,NA,NA,NA,1968-07-22
NA,NA,NA,NA,NA,1968-07-23
NA,NA,NA,NA,NA,1968-07-24
NA,NA,NA,NA,NA,1968-07-25
NA,NA,NA,NA,NA,1968-07-26
NA,NA,NA,NA,NA,1968-07-27
NA,NA,NA,NA,NA,1968-07-28
NA,NA,NA,NA,NA,1968-07-29
NA,NA,NA,NA,NA,1968-07-30
NA,NA,NA,NA,NA,1968-07-31
NA,NA,NA,NA,NA,1968-08-01
NA,NA,NA,NA,NA,1968-08-02
NA,NA,NA,NA,NA,1968-08-03
NA,NA,NA,NA,NA,1968-08-04
NA,NA,NA,NA,NA,1968-08-05
NA,NA,NA,NA,NA,1968-08-06
NA,NA,NA,NA,NA,1968-08-07
NA,NA,NA,NA,NA,1968-08-08
NA,NA,NA,NA,NA,1968-08-09
NA,NA,NA,NA,NA,1968-08-10
NA,NA,NA,NA,NA,1968-08-11
NA,NA,NA,NA,NA,1968-08-12
NA,NA,NA,NA,NA,1968-08-13
NA,NA,NA,NA,NA,1968-08-14
NA,NA,NA,NA,NA,1968-08-15
NA,NA,NA,NA,NA,1968-08-16
NA,NA,NA,NA,NA,1968-08-17
NA,NA,NA,NA,NA,1968-08-18
NA,NA,NA,NA,NA,1968-08-19
NA,NA,NA,NA,NA,1968-08-20
NA,NA,NA,NA,NA,1968-08-21
NA,NA,NA,NA,NA,1968-08-22
NA,NA,NA,NA,NA,1968-08-23
NA,NA,NA,NA,NA,1968-08-24
NA,NA,NA,NA,NA,1968-08-25
NA,NA,NA,NA,NA,1968-08-26
NA,NA,NA,NA,NA,1968-08-27
NA,NA,NA,NA,NA,1968-08-28
NA,NA,NA,NA,NA,1968-08-29
NA,NA,NA,NA,NA,1968-08-30
NA,NA,NA,NA,NA,1968-08-31
NA,NA,NA,NA,NA,1968-09-01
NA,NA,NA,NA,NA,1968-09-02
NA,NA,NA,NA,NA,1968-09-03
NA,NA,NA,NA,NA,1968-09-04
NA,NA,NA,NA,NA,1968-09-05
NA,NA,NA,NA,NA,1968-09-06
NA,NA,NA,NA,NA,1968-09-07
NA,NA,NA,NA,NA,1968-09-08
NA,NA,NA,NA,NA,1968-09-09
NA,NA,NA,NA,NA,1968-09-10
NA,NA,NA,NA,NA,1968-09-11
NA,NA,NA,NA,NA,1968-09-12
NA,NA,NA,NA,NA,1968-09-13
NA,NA,NA,NA,NA,1968-09-14
NA,NA,NA,NA,NA,1968-09-15
NA,NA,NA,NA,NA,1968-09-16
NA,NA,NA,NA,NA,1968-09-17
NA,NA,NA,NA,NA,1968-09-18
NA,NA,NA,NA,NA,1968-09-19
NA,NA,NA,NA,NA,1968-09-20
NA,NA,NA,NA,NA,1968-09-21
NA,NA,NA,NA,NA,1968-09-22
NA,NA,NA,NA,NA,1968-09-23
NA,NA,NA,NA,NA,1968-09-24
NA,NA,NA,NA,NA,1968-09-25
NA,NA,NA,NA,NA,1968-09-26
NA,NA,NA,NA,NA,1968-09-27
NA,NA,NA,NA,NA,1968-09-28
NA,NA,NA,NA,NA,1968-09-29
NA,NA,NA,NA,NA,1968-09-30
NA,NA,NA,NA,NA,1968-10-01
NA,NA,NA,NA,NA,1968-10-02
NA,NA,NA,NA,NA,1968-10-03
NA,NA,NA,NA,NA,1968-10-04
NA,NA,NA,NA,NA,1968-10-05
NA,NA,NA,NA,NA,1968-10-06
NA,NA,NA,NA,NA,1968-10-07
NA,NA,NA,NA,NA,1968-10-08
NA,NA,NA,NA,NA,1968-10-09
NA,NA,NA,NA,NA,1968-10-10
NA,NA,NA,NA,NA,1968-10-11
NA,NA,NA,NA,NA,1968-10-12
NA,NA,NA,NA,NA,1968-10-13
NA,NA,NA,NA,NA,1968-10-14
NA,NA,NA,NA,NA,1968-10-15
NA,NA,NA,NA,NA,1968-10-16
NA,NA,NA,NA,NA,1968-10-17
NA,NA,NA,NA,NA,1968-10-18
NA,NA,NA,NA,NA,1968-10-19
NA,NA,NA,NA,NA,1968-10-20
NA,NA,NA,NA,NA,1968-10-21
NA,NA,NA,NA,NA,1968-10-22
NA,NA,NA,NA,NA,1968-10-23
NA,NA,NA,NA,NA,1968-10-24
NA,NA,NA,NA,NA,1968-10-25
NA,NA,NA,NA,NA,1968-10-26
NA,NA,NA,NA,NA,1968-10-27
NA,NA,NA,NA,NA,1968-10-28
NA,NA,NA,NA,NA,1968-10-29
NA,NA,NA,NA,NA,1968-10-30
NA,NA,NA,NA,NA,1968-10-31
NA,NA,NA,NA,NA,1968-11-01
NA,NA,NA,NA,NA,1968-11-02
NA,NA,NA,NA,NA,1968-11-03
NA,NA,NA,NA,NA,1968-11-04
NA,NA,NA,NA,NA,1968-11-05
NA,NA,NA,NA,NA,1968-11-06
NA,NA,NA,NA,NA,1968-11-07
NA,NA,NA,NA,NA,1968-11-08
NA,NA,NA,NA,NA,1968-11-09
NA,NA,NA,NA,NA,1968-11-10
NA,NA,NA,NA,NA,1968-11-11
NA,NA,NA,NA,NA,1968-11-12
NA,NA,NA,NA,NA,1968-11-13
NA,NA,NA,NA,NA,1968-11-14
NA,NA,NA,NA,NA,1968-11-15
NA,NA,NA,NA,NA,1968-11-16
NA,NA,NA,NA,NA,1968-11-17
NA,NA,NA,NA,NA,1968-11-18
NA,NA,NA,NA,NA,1968-11-19
NA,NA,NA,NA,NA,1968-11-20
NA,NA,NA,NA,NA,1968-11-21
NA,NA,NA,NA,NA,1968-11-22
NA,NA,NA,NA,NA,1968-11-23
NA,NA,NA,NA,NA,1968-11-24
NA,NA,NA,NA,NA,1968-11-25
NA,NA,NA,NA,NA,1968-11-26
NA,NA,NA,NA,NA,1968-11-27
NA,NA,NA,NA,NA,1968-11-28
NA,NA,NA,NA,NA,1968-11-29
NA,NA,NA,NA,NA,1968-11-30
NA,NA,NA,NA,NA,1968-12-01
NA,NA,NA,NA,NA,1968-12-02
NA,NA,NA,NA,NA,1968-12-03
NA,NA,NA,NA,NA,1968-12-04
NA,NA,NA,NA,NA,1968-12-05
NA,NA,NA,NA,NA,1968-12-06
NA,NA,NA,NA,NA,1968-12-07
NA,NA,NA,NA,NA,1968-12-08
NA,NA,NA,NA,NA,1968-12-09
NA,NA,NA,NA,NA,1968-12-10
NA,NA,NA,NA,NA,1968-12-11
NA,NA,NA,NA,NA,1968-12-12
NA,NA,NA,NA,NA,1968-12-13
NA,NA,NA,NA,NA,1968-12-14
NA,NA,NA,NA,NA,1968-12-15
NA,NA,NA,NA,NA,1968-12-16
NA,NA,NA,NA,NA,1968-12-17
NA,NA,NA,NA,NA,1968-12-18
NA,NA,NA,NA,NA,1968-12-19
NA,NA,NA,NA,NA,1968-12-20
NA,NA,NA,NA,NA,1968-12-21
NA,NA,NA,NA,NA,1968-12-22
NA,NA,NA,NA,NA,1968-12-23
NA,NA,NA,NA,NA,1968-12-24
NA,NA,NA,NA,NA,1968-12-25
NA,NA,NA,NA,NA,1968-12-26
NA,NA,NA,NA,NA,1968-12-27
NA,NA,NA,NA,NA,1968-12-28
NA,NA,NA,NA,NA,1968-12-29
NA,NA,NA,NA,NA,1968-12-30
NA,NA,NA,NA,NA,1968-12-31
