date,D,H,X,Y,Z
1957-01-01,NA,NA,NA,NA,NA
1957-01-02,NA,NA,NA,NA,NA
1957-01-03,NA,NA,NA,NA,NA
1957-01-04,NA,NA,NA,NA,NA
1957-01-05,NA,NA,NA,NA,NA
1957-01-06,NA,NA,NA,NA,NA
1957-01-07,NA,NA,NA,NA,NA
1957-01-08,NA,NA,NA,NA,NA
1957-01-09,NA,NA,NA,NA,NA
1957-01-10,NA,NA,NA,NA,NA
1957-01-11,NA,NA,NA,NA,NA
1957-01-12,NA,NA,NA,NA,NA
1957-01-13,NA,NA,NA,NA,NA
1957-01-14,NA,NA,NA,NA,NA
1957-01-15,NA,NA,NA,NA,NA
1957-01-16,NA,NA,NA,NA,NA
1957-01-17,NA,NA,NA,NA,NA
1957-01-18,NA,NA,NA,NA,NA
1957-01-19,NA,NA,NA,NA,NA
1957-01-20,NA,NA,NA,NA,NA
1957-01-21,NA,NA,NA,NA,NA
1957-01-22,NA,NA,NA,NA,NA
1957-01-23,NA,NA,NA,NA,NA
1957-01-24,NA,NA,NA,NA,NA
1957-01-25,NA,NA,NA,NA,NA
1957-01-26,NA,NA,NA,NA,NA
1957-01-27,NA,NA,NA,NA,NA
1957-01-28,NA,NA,NA,NA,NA
1957-01-29,NA,NA,NA,NA,NA
1957-01-30,NA,NA,NA,NA,NA
1957-01-31,NA,NA,NA,NA,NA
1957-02-01,NA,NA,NA,NA,NA
1957-02-02,NA,NA,NA,NA,NA
1957-02-03,NA,NA,NA,NA,NA
1957-02-04,NA,NA,NA,NA,NA
1957-02-05,NA,NA,NA,NA,NA
1957-02-06,NA,NA,NA,NA,NA
1957-02-07,NA,NA,NA,NA,NA
1957-02-08,NA,NA,NA,NA,NA
1957-02-09,NA,NA,NA,NA,NA
1957-02-10,NA,NA,NA,NA,NA
1957-02-11,NA,NA,NA,NA,NA
1957-02-12,NA,NA,NA,NA,NA
1957-02-13,NA,NA,NA,NA,NA
1957-02-14,NA,NA,NA,NA,NA
1957-02-15,NA,NA,NA,NA,NA
1957-02-16,NA,NA,NA,NA,NA
1957-02-17,NA,NA,NA,NA,NA
1957-02-18,NA,NA,NA,NA,NA
1957-02-19,NA,NA,NA,NA,NA
1957-02-20,NA,NA,NA,NA,NA
1957-02-21,NA,NA,NA,NA,NA
1957-02-22,NA,NA,NA,NA,NA
1957-02-23,NA,NA,NA,NA,NA
1957-02-24,NA,NA,NA,NA,NA
1957-02-25,NA,NA,NA,NA,NA
1957-02-26,NA,NA,NA,NA,NA
1957-02-27,NA,NA,NA,NA,NA
1957-02-28,NA,NA,NA,NA,NA
1957-03-01,NA,NA,NA,NA,NA
1957-03-02,NA,NA,NA,NA,NA
1957-03-03,NA,NA,NA,NA,NA
1957-03-04,NA,NA,NA,NA,NA
1957-03-05,NA,NA,NA,NA,NA
1957-03-06,NA,NA,NA,NA,NA
1957-03-07,NA,NA,NA,NA,NA
1957-03-08,NA,NA,NA,NA,NA
1957-03-09,NA,NA,NA,NA,NA
1957-03-10,NA,NA,NA,NA,NA
1957-03-11,NA,NA,NA,NA,NA
1957-03-12,NA,NA,NA,NA,NA
1957-03-13,NA,NA,NA,NA,NA
1957-03-14,NA,NA,NA,NA,NA
1957-03-15,NA,NA,NA,NA,NA
1957-03-16,NA,NA,NA,NA,NA
1957-03-17,NA,NA,NA,NA,NA
1957-03-18,NA,NA,NA,NA,NA
1957-03-19,NA,NA,NA,NA,NA
1957-03-20,NA,NA,NA,NA,NA
1957-03-21,NA,NA,NA,NA,NA
1957-03-22,NA,NA,NA,NA,NA
1957-03-23,NA,NA,NA,NA,NA
1957-03-24,NA,NA,NA,NA,NA
1957-03-25,NA,NA,NA,NA,NA
1957-03-26,NA,NA,NA,NA,NA
1957-03-27,NA,NA,NA,NA,NA
1957-03-28,NA,NA,NA,NA,NA
1957-03-29,NA,NA,NA,NA,NA
1957-03-30,NA,NA,NA,NA,NA
1957-03-31,NA,NA,NA,NA,NA
1957-04-01,NA,NA,NA,NA,NA
1957-04-02,NA,NA,NA,NA,NA
1957-04-03,NA,NA,NA,NA,NA
1957-04-04,NA,NA,NA,NA,NA
1957-04-05,NA,NA,NA,NA,NA
1957-04-06,NA,NA,NA,NA,NA
1957-04-07,NA,NA,NA,NA,NA
1957-04-08,NA,NA,NA,NA,NA
1957-04-09,NA,NA,NA,NA,NA
1957-04-10,NA,NA,NA,NA,NA
1957-04-11,NA,NA,NA,NA,NA
1957-04-12,NA,NA,NA,NA,NA
1957-04-13,NA,NA,NA,NA,NA
1957-04-14,NA,NA,NA,NA,NA
1957-04-15,NA,NA,NA,NA,NA
1957-04-16,NA,NA,NA,NA,NA
1957-04-17,NA,NA,NA,NA,NA
1957-04-18,NA,NA,NA,NA,NA
1957-04-19,NA,NA,NA,NA,NA
1957-04-20,NA,NA,NA,NA,NA
1957-04-21,NA,NA,NA,NA,NA
1957-04-22,NA,NA,NA,NA,NA
1957-04-23,NA,NA,NA,NA,NA
1957-04-24,NA,NA,NA,NA,NA
1957-04-25,NA,NA,NA,NA,NA
1957-04-26,NA,NA,NA,NA,NA
1957-04-27,NA,NA,NA,NA,NA
1957-04-28,NA,NA,NA,NA,NA
1957-04-29,NA,NA,NA,NA,NA
1957-04-30,NA,NA,NA,NA,NA
1957-05-01,NA,NA,NA,NA,NA
1957-05-02,NA,NA,NA,NA,NA
1957-05-03,NA,NA,NA,NA,NA
1957-05-04,NA,NA,NA,NA,NA
1957-05-05,NA,NA,NA,NA,NA
1957-05-06,NA,NA,NA,NA,NA
1957-05-07,NA,NA,NA,NA,NA
1957-05-08,NA,NA,NA,NA,NA
1957-05-09,NA,NA,NA,NA,NA
1957-05-10,NA,NA,NA,NA,NA
1957-05-11,NA,NA,NA,NA,NA
1957-05-12,NA,NA,NA,NA,NA
1957-05-13,NA,NA,NA,NA,NA
1957-05-14,NA,NA,NA,NA,NA
1957-05-15,NA,NA,NA,NA,NA
1957-05-16,NA,NA,NA,NA,NA
1957-05-17,NA,NA,NA,NA,NA
1957-05-18,NA,NA,NA,NA,NA
1957-05-19,NA,NA,NA,NA,NA
1957-05-20,NA,NA,NA,NA,NA
1957-05-21,NA,NA,NA,NA,NA
1957-05-22,NA,NA,NA,NA,NA
1957-05-23,NA,NA,NA,NA,NA
1957-05-24,NA,NA,NA,NA,NA
1957-05-25,NA,NA,NA,NA,NA
1957-05-26,NA,NA,NA,NA,NA
1957-05-27,NA,NA,NA,NA,NA
1957-05-28,NA,NA,NA,NA,NA
1957-05-29,NA,NA,NA,NA,NA
1957-05-30,NA,NA,NA,NA,NA
1957-05-31,NA,NA,NA,NA,NA
1957-06-01,NA,NA,NA,NA,NA
1957-06-02,NA,NA,NA,NA,NA
1957-06-03,NA,NA,NA,NA,NA
1957-06-04,NA,NA,NA,NA,NA
1957-06-05,NA,NA,NA,NA,NA
1957-06-06,NA,NA,NA,NA,NA
1957-06-07,NA,NA,NA,NA,NA
1957-06-08,NA,NA,NA,NA,NA
1957-06-09,NA,NA,NA,NA,NA
1957-06-10,NA,NA,NA,NA,NA
1957-06-11,NA,NA,NA,NA,NA
1957-06-12,NA,NA,NA,NA,NA
1957-06-13,NA,NA,NA,NA,NA
1957-06-14,NA,NA,NA,NA,NA
1957-06-15,NA,NA,NA,NA,NA
1957-06-16,NA,NA,NA,NA,NA
1957-06-17,NA,NA,NA,NA,NA
1957-06-18,NA,NA,NA,NA,NA
1957-06-19,NA,NA,NA,NA,NA
1957-06-20,NA,NA,NA,NA,NA
1957-06-21,NA,NA,NA,NA,NA
1957-06-22,NA,NA,NA,NA,NA
1957-06-23,NA,NA,NA,NA,NA
1957-06-24,NA,NA,NA,NA,NA
1957-06-25,NA,NA,NA,NA,NA
1957-06-26,NA,NA,NA,NA,NA
1957-06-27,NA,NA,NA,NA,NA
1957-06-28,NA,NA,NA,NA,NA
1957-06-29,NA,NA,NA,NA,NA
1957-06-30,NA,NA,NA,NA,NA
1957-07-01,-3.945,22280.0,22227.208699581108,-1532.838355882941,NA
1957-07-02,-3.9783333333333335,22325.0,22271.204734966846,-1548.891427179561,NA
1957-07-03,-3.9766666666666666,22334.0,22280.22811234828,-1548.8677353878604,NA
1957-07-04,-3.9833333333333334,22353.0,22299.001844271683,-1552.7800066873733,NA
1957-07-05,-3.9783333333333335,22335.0,22281.180638543537,-1549.585219532161,NA
1957-07-06,-3.9583333333333335,22341.0,22287.705875456722,-1542.2217120543764,NA
1957-07-07,-4.0,22361.0,22306.52972785993,-1559.8245093923858,NA
1957-07-08,-3.9916666666666667,22371.0,22316.732101055557,-1557.2762535004977,NA
1957-07-09,-3.9966666666666666,22371.0,22316.596118089976,-1559.223749835602,NA
1957-07-10,-4.003333333333333,22370.0,22315.416983111485,-1561.7505786326997,NA
1957-07-11,-3.9966666666666666,22369.0,22314.600981876298,-1559.0843529601975,NA
1957-07-12,-3.993333333333333,22364.0,22309.703787163537,-1557.4379374539983,NA
1957-07-13,-4.005,22366.0,22311.381312351226,-1562.1203330295907,NA
1957-07-14,-4.001666666666667,22375.0,22320.45021325662,-1561.4503762632448,NA
1957-07-15,-3.993333333333333,22367.0,22312.69650364366,-1557.6468586582714,NA
1957-07-16,-4.0,22364.0,22309.522420010708,-1560.0337788136183,NA
1957-07-17,-3.985,22365.0,22310.927653637285,-1554.262601416871,NA
1957-07-18,-3.9883333333333333,22364.0,22309.83961431383,-1555.491042595032,NA
1957-07-19,-3.98,22353.0,22299.09214361353,-1551.482700720003,NA
1957-07-20,-3.9766666666666666,22340.0,22286.213666600725,-1549.283836686881,NA
1957-07-21,-3.9883333333333333,22361.0,22306.846879613287,-1555.282382555335,NA
1957-07-22,-3.9883333333333333,22364.0,22309.83961431383,-1555.491042595032,NA
1957-07-23,-3.98,22353.0,22299.09214361353,-1551.482700720003,NA
1957-07-24,-3.9966666666666666,22365.0,22310.610709448945,-1558.8055592093888,NA
1957-07-25,-3.9833333333333334,22370.0,22315.96077736132,-1553.9609336373883,NA
1957-07-26,-3.993333333333333,22382.0,22327.66008604428,-1558.6914646796365,NA
1957-07-27,-4.0,22388.0,22333.463957216944,-1561.7079341834772,NA
1957-07-28,-4.008333333333334,22392.0,22337.226795361286,-1565.23579456702,NA
1957-07-29,-4.003333333333333,22375.0,22320.404783063008,-1562.0996511804494,NA
1957-07-30,-3.9966666666666666,22374.0,22319.588822410493,-1559.4328451487083,NA
1957-07-31,-3.985,22378.0,22323.89622325487,-1555.1660404429572,NA
1957-08-01,-3.986666666666667,22379.0,22324.848556120036,-1555.8849399313501,NA
1957-08-02,-3.9883333333333333,22380.0,22325.80086605006,-1556.6038961400832,NA
1957-08-03,-3.9766666666666666,22383.0,22329.11013874324,-1552.265895996529,NA
1957-08-04,-3.975,22372.0,22318.18174456551,-1550.8538346803823,NA
1957-08-05,-3.97,22377.0,22323.304999301756,-1549.2523707095884,NA
1957-08-06,-3.9833333333333334,22360.0,22305.984934367418,-1553.2662707256147,NA
1957-08-07,-3.9783333333333335,22359.0,22305.122807127602,-1551.2503211784012,NA
1957-08-08,-3.9966666666666666,22374.0,22319.588822410493,-1559.4328451487083,NA
1957-08-09,-3.9966666666666666,22387.0,22332.557207799397,-1560.3389248388369,NA
1957-08-10,-3.993333333333333,22374.0,22319.67950876395,-1558.1343414682417,NA
1957-08-11,-4.0,22384.0,22329.473701015904,-1561.4289082885007,NA
1957-08-12,-4.0,22382.0,22327.478572915385,-1561.2893953410126,NA
1957-08-13,-3.9983333333333335,22357.0,22302.584827562336,-1558.8967282621281,NA
1957-08-14,-3.9916666666666667,22364.0,22309.74908175792,-1556.7889738181186,NA
1957-08-15,-3.986666666666667,22365.0,22310.882432531598,-1554.9115993370858,NA
1957-08-16,-3.986666666666667,22368.0,22313.87517330055,-1555.120172321571,NA
1957-08-17,-4.003333333333333,22376.0,22321.402343053313,-1562.1694656899995,NA
1957-08-18,-3.993333333333333,22373.0,22318.68193660391,-1558.0647010668174,NA
1957-08-19,-3.986666666666667,22362.0,22307.889691762644,-1554.7030263526008,NA
1957-08-20,-3.99,22363.0,22308.796781264828,-1556.0704265000356,NA
1957-08-21,-3.9816666666666665,22347.0,22293.061485458915,-1551.714730724782,NA
1957-08-22,-3.975,22371.0,22317.18415017321,-1550.7845134826941,NA
1957-08-23,-3.995,22383.0,22328.612306234965,-1559.4106187442999,NA
1957-08-24,-3.993333333333333,22379.0,22324.667369564155,-1558.4825434753636,NA
1957-08-25,-3.9916666666666667,22378.0,22323.71512035319,-1557.763533182877,NA
1957-08-26,-3.9883333333333333,22371.0,22316.82266194843,-1555.9779160209919,NA
1957-08-27,-3.98,22374.0,22320.041498734357,-1552.9402740531182,NA
1957-08-28,-4.003333333333333,22368.0,22313.421863130876,-1561.6109496135998,NA
1957-08-29,-3.9783333333333335,22374.0,22320.086662492642,-1552.2910097073013,NA
1957-08-30,-3.9583333333333335,NA,NA,NA,NA
1957-08-31,-3.9583333333333335,NA,NA,NA,NA
1957-09-01,-3.9783333333333335,22355.0,22301.132445696923,-1550.9728042373613,NA
1957-09-02,-4.02,22345.0,22290.023253172534,-1566.489187012728,NA
1957-09-03,-3.9633333333333334,22270.0,22216.741003786676,-1539.259292862602,NA
1957-09-04,-3.95,22274.0,22221.089102298796,-1534.3647244699343,NA
1957-09-05,-3.865,22222.0,22171.459191272115,-1497.8922957793893,NA
1957-09-06,-3.9583333333333335,22298.0,22244.808451319725,-1539.2533787828872,NA
1957-09-07,-3.9766666666666666,22335.0,22281.225704723685,-1548.9370856043638,NA
1957-09-08,-3.9816666666666665,22353.0,22299.04700337688,-1552.1313543603637,NA
1957-09-09,-3.9883333333333333,22357.0,22302.85656667923,-1555.0041691690724,NA
1957-09-10,-3.9816666666666665,22362.0,22308.025280253827,-1552.7562898137367,NA
1957-09-11,-3.9766666666666666,22362.0,22308.160698859683,-1550.8095414499567,NA
1957-09-12,-3.993333333333333,22373.0,22318.68193660391,-1558.0647010668174,NA
1957-09-13,-3.915,22237.0,22185.108588126877,-1518.2641183334972,NA
1957-09-14,-3.95,22281.0,22228.0724741097,-1534.8469258289758,NA
1957-09-15,-3.955,22328.0,22274.826519681574,-1540.0284147023185,NA
1957-09-16,-3.9616666666666664,22350.0,22296.59460939021,-1544.1401570166995,NA
1957-09-17,-3.986666666666667,22357.0,22302.90179048106,-1554.355404711792,NA
1957-09-18,-3.98,22370.0,22316.05114537801,-1552.6626410372867,NA
1957-09-19,-3.986666666666667,22373.0,22318.863074582132,-1555.4677939623798,NA
1957-09-20,-3.9916666666666667,22376.0,22321.71997198244,-1557.6243104164828,NA
1957-09-21,-3.9816666666666665,22337.0,22283.085622262308,-1551.020357998812,NA
1957-09-22,-3.9483333333333333,22284.0,22231.10999123614,-1534.406907427347,NA
1957-09-23,-3.905,22223.0,22171.405740550646,-1513.4386303639421,NA
1957-09-24,-3.9466666666666668,22299.0,22246.11904417346,-1534.7926480351807,NA
1957-09-25,-3.9683333333333333,22332.0,22278.457945467282,-1545.488780951107,NA
1957-09-26,-3.9783333333333335,22351.0,22297.14208426625,-1550.695287296321,NA
1957-09-27,-3.973333333333333,22354.0,22300.2701122822,-1548.9573652148463,NA
1957-09-28,-3.9816666666666665,22361.0,22307.027693934167,-1552.6868525411396,NA
1957-09-29,-3.945,22291.0,22238.18263565361,-1533.5951432220213,NA
1957-09-30,-3.91,22280.0,22228.140910078473,-1519.2602415964707,NA
1957-10-01,-3.97,22331.0,22277.415379157505,-1546.0676002286195,NA
1957-10-02,-3.9716666666666667,22343.0,22289.3415775316,-1547.5467812383338,NA
1957-10-03,-3.973333333333333,22340.0,22286.303762565283,-1547.9872747114462,NA
1957-10-04,-3.96,22343.0,22289.656229628854,-1543.0081545369687,NA
1957-10-05,-3.9816666666666665,22358.0,22304.034934975185,-1552.4785407233487,NA
1957-10-06,-3.975,22357.0,22303.21782868099,-1549.8140167150593,NA
1957-10-07,-3.99,22374.0,22319.770119573368,-1556.8358325140543,NA
1957-10-08,-3.9916666666666667,22375.0,22320.72239779706,-1557.5546990332857,NA
1957-10-09,-3.9766666666666666,22368.0,22314.14625311213,-1551.2256427489774,NA
1957-10-10,-3.97,22350.0,22296.369787477954,-1547.3830489055415,NA
1957-10-11,-3.965,22339.0,22285.531065989144,-1544.6766997766206,NA
1957-10-12,-3.973333333333333,22350.0,22296.279726648794,-1548.680196499589,NA
1957-10-13,-3.94,22347.0,22294.18402931637,-1535.5023500388743,NA
1957-10-14,-3.9516666666666667,22331.0,22277.90894482733,-1538.9392600042813,NA
1957-10-15,-3.966666666666667,22339.0,22285.486123736777,-1545.324958944103,NA
1957-10-16,-3.9766666666666666,22367.0,22313.148660736722,-1551.156292532474,NA
1957-10-17,-3.9883333333333333,22390.0,22335.776648385203,-1557.29942960574,NA
1957-10-18,-3.986666666666667,22393.0,22338.814679708474,-1556.8582805256144,NA
1957-10-19,-3.985,22389.0,22334.869628315904,-1555.9304888496456,NA
1957-10-20,-3.9833333333333334,22377.0,22322.943867457052,-1554.4471976756297,NA
1957-10-21,-3.9816666666666665,22365.0,22311.01803921281,-1552.9646016315276,NA
1957-10-22,-3.96,22337.0,22283.670554590688,-1542.5937943826823,NA
1957-10-23,-3.9616666666666664,22349.0,22295.596998893143,-1544.0710679716428,NA
1957-10-24,-3.9766666666666666,22354.0,22300.179959856425,-1550.2547397179292,NA
1957-10-25,-3.975,22367.0,22313.193772604005,-1550.5072286919415,NA
1957-10-26,-3.9716666666666667,22372.0,22318.27193181475,-1549.555412874905,NA
1957-10-27,-3.985,22378.0,22323.89622325487,-1555.1660404429572,NA
1957-10-28,-3.9683333333333333,22366.0,22312.376428816104,-1547.8417550936979,NA
1957-10-29,-3.9633333333333334,22366.0,22312.511418531332,-1545.8946270392887,NA
1957-10-30,-3.96,22357.0,22303.622804717914,-1543.9749948969704,NA
1957-10-31,-3.9783333333333335,22377.0,22323.07943356565,-1552.4991474130813,NA
1957-11-01,-3.98,22379.0,22325.029440429793,-1553.2873153229075,NA
1957-11-02,-3.98,22387.0,22333.01014714249,-1553.8425813545703,NA
1957-11-03,-3.975,22361.0,22307.208206250194,-1550.0913015058122,NA
1957-11-04,-3.9716666666666667,22374.0,22320.267128661864,-1549.6939391946685,NA
1957-11-05,-3.9833333333333334,22379.0,22324.939036055832,-1554.5861302579845,NA
1957-11-06,-3.97,22370.0,22316.321796236323,-1548.767731723354,NA
1957-11-07,-3.9483333333333333,22316.0,22263.034040765826,-1536.6103278652251,NA
1957-11-08,-3.975,22339.0,22285.261129619565,-1548.5662351566718,NA
1957-11-09,-3.9433333333333334,22323.0,22270.15147841232,-1535.1488945928102,NA
1957-11-10,-3.953333333333333,22330.0,22276.866548938437,-1539.5183535079123,NA
1957-11-11,-3.965,22339.0,22285.531065989144,-1544.6766997766206,NA
1957-11-12,-3.97,22337.0,22283.400981785016,-1546.4830050739633,NA
1957-11-13,-3.9716666666666667,22352.0,22298.319963343612,-1548.1701496772696,NA
1957-11-14,-3.986666666666667,22369.0,22314.872753556865,-1555.1896966497327,NA
1957-11-15,-3.973333333333333,22360.0,22306.255690732305,-1549.373118287732,NA
1957-11-16,-3.975,22369.0,22315.188961388605,-1550.6458710873178,NA
1957-11-17,-3.9766666666666666,22377.0,22323.124584490797,-1551.8497946975083,NA
1957-11-18,-3.9766666666666666,22349.0,22295.19199797939,-1549.907988635412,NA
1957-11-19,-3.9633333333333334,22344.0,22290.564031819013,-1544.374029623798,NA
1957-11-20,-3.975,22358.0,22304.215423073292,-1549.8833379127477,NA
1957-11-21,-3.9783333333333335,22356.0,22302.130036054594,-1551.0421834726212,NA
1957-11-22,-3.9766666666666666,22363.0,22309.158291235093,-1550.87889166646,NA
1957-11-23,-3.986666666666667,22371.0,22316.8679140695,-1555.3287453060564,NA
1957-11-24,-3.986666666666667,22377.0,22322.853395607402,-1555.7458912750267,NA
1957-11-25,-3.9683333333333333,22348.0,22294.41958469026,-1546.5960629005615,NA
1957-11-26,-3.9433333333333334,22333.0,22280.127803941334,-1535.836592883628,NA
1957-11-27,-3.9266666666666667,22297.0,22244.65812752234,-1526.8902349724751,NA
1957-11-28,-3.953333333333333,22320.0,22266.89034358737,-1538.8289140303002,NA
1957-11-29,-3.9683333333333333,22346.0,22292.424379787386,-1546.4576526568796,NA
1957-11-30,-3.973333333333333,22362.0,22308.250883549008,-1549.5117026453606,NA
1957-12-01,-3.941666666666667,22348.0,22295.13698848427,-1536.2196017238364,NA
1957-12-02,-3.9583333333333335,22342.0,22288.703489971536,-1542.2907430606901,NA
1957-12-03,-3.96,22345.0,22291.65145464158,-1543.1462745883975,NA
1957-12-04,-3.9583333333333335,22355.0,22301.672478664117,-1543.1881461427681,NA
1957-12-05,-3.9433333333333334,22338.0,22285.11596670584,-1536.180442029037,NA
1957-12-06,-3.95,22328.0,22274.960827697203,-1538.084563525397,NA
1957-12-07,-3.955,22344.0,22290.78841614856,-1541.1319821797117,NA
1957-12-08,-3.95,22358.0,22304.889564029654,-1540.151140778432,NA
1957-12-09,-3.953333333333333,22352.0,22298.81420071079,-1541.035120358659,NA
1957-12-10,-3.9466666666666668,22350.0,22296.998100241126,-1538.3028693477866,NA
1957-12-11,-3.96,22351.0,22297.637129679744,-1543.560634742684,NA
1957-12-12,-3.9266666666666667,22336.0,22283.566575608333,-1529.560940411051,NA
1957-12-13,-3.955,22357.0,22303.757457027987,-1542.028630755094,NA
1957-12-14,-3.96,22368.0,22314.596542287887,-1544.734655179829,NA
1957-12-15,-3.9566666666666666,22366.0,22312.691140498915,-1543.2984379896116,NA
1957-12-16,-3.96,22370.0,22316.591767300608,-1544.8727752312577,NA
1957-12-17,-3.9433333333333334,22358.0,22305.06861776386,-1537.555838610673,NA
1957-12-18,-3.9516666666666667,22363.0,22309.832866113185,-1541.1445377043458,NA
1957-12-19,-3.9633333333333334,22363.0,22309.51859307056,-1545.6872728462672,NA
1957-12-20,-3.941666666666667,22349.0,22296.134623037182,-1536.2883425329344,NA
1957-12-21,-3.9516666666666667,22358.0,22304.84475341227,-1540.7999630637107,NA
1957-12-22,-3.9483333333333333,22355.0,22301.941476130134,-1539.295746523889,NA
1957-12-23,-3.9566666666666666,22364.0,22310.695907454072,-1543.1604340159024,NA
1957-12-24,-3.96,22374.0,22320.582217326053,-1545.1490153341153,NA
1957-12-25,-3.95,22363.0,22309.877686751726,-1540.4955703206044,NA
1957-12-26,-3.95,22351.0,22297.906192218747,-1539.6689394193904,NA
1957-12-27,-3.9516666666666667,22356.0,22302.849508331907,-1540.6621332074567,NA
1957-12-28,-3.9566666666666666,22369.0,22315.683990066183,-1543.5054439501753,NA
1957-12-29,-3.953333333333333,22376.0,22322.75709355336,-1542.6897751049282,NA
1957-12-30,-3.9516666666666667,22354.0,22300.85426325154,-1540.5243033512027,NA
1957-12-31,-3.93,22295.0,22242.57396194557,-1528.0472988036095,NA
1958-01-01,-3.908333333333333,22275.0,22223.19672228391,-1518.2728485584548,NA
1958-01-02,-3.9366666666666665,22303.0,22250.37713938629,-1531.184559442742,NA
1958-01-03,-3.9516666666666667,22331.0,22277.90894482733,-1538.9392600042813,NA
1958-01-04,-3.9583333333333335,22349.0,22295.686791575234,-1542.773960104886,NA
1958-01-05,-3.9516666666666667,22352.0,22298.859018171173,-1540.3864734949486,NA
1958-01-06,-3.966666666666667,22365.0,22311.423839803618,-1547.123537615151,NA
1958-01-07,-3.9683333333333333,22370.0,22316.36683862185,-1548.1185755810614,NA
1958-01-08,-3.9716666666666667,22376.0,22322.26232550898,-1549.832465514432,NA
1958-01-09,-3.9816666666666665,22371.0,22317.003557130774,-1553.3812252671094,NA
1958-01-10,-3.953333333333333,22355.0,22301.80706231611,-1541.2419522019427,NA
1958-01-11,-3.96,22358.0,22304.620417224272,-1544.0440549226848,NA
1958-01-12,-3.9583333333333335,22354.0,22300.674864149303,-1543.1191151364544,NA
1958-01-13,-3.955,22361.0,22307.747931144735,-1542.3045226244421,NA
1958-01-14,-3.9583333333333335,22358.0,22304.66532220856,-1543.3952391617092,NA
1958-01-15,-3.9583333333333335,22353.0,22299.67724963449,-1543.0500841301407,NA
1958-01-16,-3.9583333333333335,22363.0,22309.653394782625,-1543.7403941932778,NA
1958-01-17,-3.95,22355.0,22301.896690396406,-1539.9444830531284,NA
1958-01-18,-3.9483333333333333,22339.0,22285.97945136529,-1538.19403630495,NA
1958-01-19,-3.9466666666666668,22349.0,22296.00047169078,-1538.2340414789119,NA
1958-01-20,-3.965,22370.0,22316.456866743236,-1546.8202593671606,NA
1958-01-21,-3.9283333333333332,22344.0,22291.50327723731,-1530.7572116173112,NA
1958-01-22,-3.953333333333333,22352.0,22298.81420071079,-1541.035120358659,NA
1958-01-23,-3.9483333333333333,22350.0,22296.95334339112,-1538.9514620804705,NA
1958-01-24,-3.955,22359.0,22305.75269408636,-1542.166576689768,NA
1958-01-25,-3.96,22355.0,22301.62757970519,-1543.8368748455416,NA
1958-01-26,-3.9483333333333333,22348.0,22294.958090295513,-1538.8137483031032,NA
1958-01-27,-3.9466666666666668,22360.0,22306.97438574459,-1538.9911480365326,NA
1958-01-28,-3.95,22374.0,22320.85155674029,-1541.2533153133838,NA
1958-01-29,-3.945,22377.0,22323.978863129556,-1539.5118442366502,NA
1958-01-30,-3.95,22379.0,22325.839679462366,-1541.5977448555564,NA
1958-01-31,-3.96,22391.0,22337.541629934192,-1546.3230357712603,NA
1958-02-01,-3.9566666666666666,22386.0,22332.64347094736,-1544.6784777267032,NA
1958-02-02,-3.96,22391.0,22337.541629934192,-1546.3230357712603,NA
1958-02-03,-3.9566666666666666,22397.0,22343.61725269401,-1545.4374995821036,NA
1958-02-04,-3.9516666666666667,22398.0,22344.749655019594,-1543.556560188791,NA
1958-02-05,-3.93,22372.0,22319.39289870582,-1533.3246992076408,NA
1958-02-06,-3.935,22362.0,22309.28258045237,-1534.5861805465258,NA
1958-02-07,-3.93,22372.0,22319.39289870582,-1533.3246992076408,NA
1958-02-08,-3.925,22373.0,22320.524276048814,-1531.4454095120675,NA
1958-02-09,-3.9383333333333335,22369.0,22316.17673394579,-1536.3648587807668,NA
1958-02-10,-3.9433333333333334,22365.0,22312.05204563417,-1538.0372274142453,NA
1958-02-11,NA,22242.0,NA,NA,NA
1958-02-12,-3.8866666666666667,22300.0,22248.71177726345,-1511.5635124793207,NA
1958-02-13,-3.9366666666666665,22353.0,22300.259166780335,-1534.6172468826442,NA
1958-02-14,-3.93,22357.0,22304.428170765514,-1532.2966341938684,NA
1958-02-15,-3.9466666666666668,22375.0,22321.938813999786,-1540.0235660696521,NA
1958-02-16,-3.966666666666667,22392.0,22338.359160334567,-1548.991292388932,NA
1958-02-17,-3.94,22375.0,22322.11785277459,-1537.426280132448,NA
1958-02-18,-3.933333333333333,22360.0,22307.33192123566,-1533.8000377561054,NA
1958-02-19,-3.9283333333333332,22357.0,22304.47273403126,-1531.6478240300853,NA
1958-02-20,-3.913333333333333,22350.0,22297.889275159498,-1525.3307420776237,NA
1958-02-21,-3.9316666666666666,22343.0,22290.416537133133,-1531.9855094294314,NA
1958-02-22,NA,22353.0,NA,NA,NA
1958-02-23,-3.9183333333333334,22351.0,22298.75374250187,-1527.344928710838,NA
1958-02-24,-3.941666666666667,22359.0,22306.110968566307,-1536.9757506239152,NA
1958-02-25,-3.9433333333333334,22374.0,22321.03073861028,-1538.6561558759815,NA
1958-02-26,-3.9433333333333334,22379.0,22326.018901374784,-1539.0000050213905,NA
1958-02-27,-3.945,22373.0,22319.988340921373,-1539.236648840621,NA
1958-02-28,-3.9483333333333333,22360.0,22306.929608869148,-1539.6400309673074,NA
1958-03-01,-3.955,22361.0,22307.747931144735,-1542.3045226244421,NA
1958-03-02,-3.9566666666666666,22372.0,22318.67683963345,-1543.712449910739,NA
1958-03-03,-3.941666666666667,22373.0,22320.077852307077,-1537.9381219512884,NA
1958-03-04,-3.91,22354.0,22301.96866714067,-1524.30625855689,NA
1958-03-05,-3.925,22354.0,22301.56884042351,-1530.1448479968158,NA
1958-03-06,-3.921666666666667,22348.0,22295.671871977647,-1528.4370373373877,NA
1958-03-07,-3.9483333333333333,22361.0,22307.927235416948,-1539.7088878559912,NA
1958-03-08,-3.921666666666667,22358.0,22305.648456849663,-1529.1209629850239,NA
1958-03-09,-3.935,22350.0,22297.310869918187,-1533.762683803544,NA
1958-03-10,-3.94,22349.0,22296.17930242053,-1535.6397736169868,NA
1958-03-11,-3.933333333333333,22340.0,22287.379030429543,-1532.428123589955,NA
1958-03-12,-3.88,22302.0,22250.882920976084,-1509.1100811454023,NA
1958-03-13,NA,NA,NA,NA,NA
1958-03-14,NA,NA,NA,NA,NA
1958-03-15,-3.9566666666666666,22362.0,22308.700674409225,-1543.0224300421933,NA
1958-03-16,-3.9383333333333335,22365.0,22312.186179744185,-1536.0901277049422,NA
1958-03-17,-3.93,22359.0,22306.42346782422,-1532.433709529038,NA
1958-03-18,-3.9316666666666666,22353.0,22300.393002485653,-1532.6711763091832,NA
1958-03-19,-3.921666666666667,22338.0,22285.695287105635,-1527.7531116897514,NA
1958-03-20,-3.92,22360.0,22307.68824869084,-1528.6088444139525,NA
1958-03-21,-3.9233333333333333,22354.0,22301.613341097545,-1529.4961210084916,NA
1958-03-22,-3.91,22342.0,22289.996598427882,-1523.4879855362815,NA
1958-03-23,-3.9116666666666666,22353.0,22300.926647024706,-1524.8867774439568,NA
1958-03-24,-3.9166666666666665,22355.0,22302.78881953787,-1526.9695056210826,NA
1958-03-25,-3.941666666666667,22366.0,22313.094410436694,-1537.4569362876018,NA
1958-03-26,NA,NA,NA,NA,NA
1958-03-27,-3.9366666666666665,22365.0,22312.230853354904,-1535.4410918682206,NA
1958-03-28,-3.9366666666666665,22375.0,22322.207258833714,-1536.1276293562012,NA
1958-03-29,-3.945,22388.0,22334.95279920206,-1540.2686315757308,NA
1958-03-30,-3.95,22375.0,22321.849181284706,-1541.3222012218182,NA
1958-03-31,-3.9233333333333333,22367.0,22314.582875562708,-1530.3856016192597,NA
1958-04-01,-3.9266666666666667,22373.0,22320.479718664275,-1532.0946865963665,NA
1958-04-02,-3.9183333333333334,22375.0,22322.69764164822,-1528.984957268355,NA
1958-04-03,-3.9283333333333332,22378.0,22325.423395006106,-1533.0865056199514,NA
1958-04-04,-3.9583333333333335,22376.0,22322.622383475205,-1544.637797275356,NA
1958-04-05,-3.9166666666666665,22352.0,22299.79582618253,-1526.764589113954,NA
1958-04-06,-3.9316666666666666,22368.0,22315.357700514433,-1533.699676628811,NA
1958-04-07,-3.9266666666666667,22368.0,22315.49145608915,-1531.7522884632158,NA
1958-04-08,-3.9383333333333335,22380.0,22327.150758000214,-1537.1203692392849,NA
1958-04-09,-3.9233333333333333,22378.0,22325.557097033234,-1531.1382390591405,NA
1958-04-10,NA,NA,NA,NA,NA
1958-04-11,NA,NA,NA,NA,NA
1958-04-12,-3.9466666666666668,22404.0,22350.870041959828,-1542.019574267016,NA
1958-04-13,-3.9316666666666666,22396.0,22343.291803501485,-1535.6195438921159,NA
1958-04-14,-3.9433333333333334,22393.0,22339.985757115403,-1539.9627826285355,NA
1958-04-15,-3.9183333333333334,22375.0,22322.69764164822,-1528.984957268355,NA
1958-04-16,-3.921666666666667,22364.0,22311.63440777287,-1529.5313183736055,NA
1958-04-17,-3.9033333333333333,22352.0,22300.150516618538,-1521.5751496912367,NA
1958-04-18,-3.915,22343.0,22290.861230585007,-1525.5014253687693,NA
1958-04-19,-3.921666666666667,22361.0,22308.641432311266,-1529.3261406793147,NA
1958-04-20,-3.9183333333333334,22376.0,22323.695304112654,-1529.053291791585,NA
1958-04-21,-3.9233333333333333,22385.0,22332.540692514474,-1531.6171901572463,NA
1958-04-22,-3.921666666666667,22379.0,22326.59928508089,-1530.55720684506,NA
1958-04-23,-3.93,22384.0,22331.36468105807,-1534.1471512186586,NA
1958-04-24,NA,NA,NA,NA,NA
1958-04-25,-3.9383333333333335,22388.0,22335.131866403433,-1537.6698313909342,NA
1958-04-26,-3.9433333333333334,22395.0,22341.981022221204,-1540.100322286699,NA
1958-04-27,-3.9366666666666665,22387.0,22334.178945408283,-1536.9514743417776,NA
1958-04-28,-3.925,22356.0,22303.5641494367,-1530.2817492089475,NA
1958-04-29,-3.9266666666666667,22360.0,22307.510235968944,-1531.2044514501745,NA
1958-04-30,-3.935,22369.0,22316.26607826398,-1535.0665536465985,NA
1958-05-01,-3.901666666666667,22363.0,22311.169273309974,-1521.6749513969585,NA
1958-05-02,-3.91,22370.0,22317.93142542439,-1525.3972892510346,NA
1958-05-03,-3.945,22386.0,22332.957538097966,-1540.1310338777162,NA
1958-05-04,-3.921666666666667,22385.0,22332.5852360041,-1530.9675622336415,NA
1958-05-05,-3.913333333333333,22384.0,22331.81000157361,-1527.6511557344757,NA
1958-05-06,-3.9166666666666665,22381.0,22328.728095284143,-1528.7454486828651,NA
1958-05-07,-3.9266666666666667,22398.0,22345.42103153991,-1533.8066772621203,NA
1958-05-08,-3.933333333333333,22407.0,22354.221214630026,-1537.0240360465586,NA
1958-05-09,-3.9366666666666665,22401.0,22348.145913078613,-1537.9126268249502,NA
1958-05-10,-3.9366666666666665,22395.0,22342.16006979133,-1537.500704332162,NA
1958-05-11,-3.933333333333333,22391.0,22338.258901985137,-1535.9265047136385,NA
1958-05-12,-3.941666666666667,22408.0,22354.99506165901,-1540.344050269721,NA
1958-05-13,-3.9283333333333332,22393.0,22340.388152845284,-1534.1141353269984,NA
1958-05-14,-3.9166666666666665,22379.0,22326.732766380585,-1528.6088376781126,NA
1958-05-15,-3.9266666666666667,22383.0,22330.45624381453,-1532.779482862668,NA
1958-05-16,-3.91,22371.0,22318.929097817123,-1525.4654786694186,NA
1958-05-17,-3.925,22379.0,22326.510203088383,-1531.8561131484628,NA
1958-05-18,-3.9233333333333333,22378.0,22325.557097033234,-1531.1382390591405,NA
1958-05-19,-3.935,22383.0,22330.233073887193,-1536.027299846744,NA
1958-05-20,-3.9316666666666666,22388.0,22335.31063121947,-1535.0710103883146,NA
1958-05-21,-3.93,22395.0,22342.33881488096,-1534.9010655620916,NA
1958-05-22,-3.935,22401.0,22348.19063968847,-1537.2625449612165,NA
1958-05-23,-3.9283333333333332,22401.0,22348.36935702618,-1534.6622045040901,NA
1958-05-24,-3.933333333333333,22404.0,22351.22828100911,-1536.818248921636,NA
1958-05-25,-3.9466666666666668,22415.0,22361.84395601364,-1542.776680824637,NA
1958-05-26,-3.933333333333333,22376.0,22323.29423388055,-1534.8975690890256,NA
1958-05-27,-3.9183333333333334,22367.0,22314.716341932774,-1528.4382810825161,NA
1958-05-28,-3.905,22366.0,22314.073743111,-1523.1772670980483,NA
1958-05-29,-3.935,22345.0,22292.32265719561,-1533.419560160635,NA
1958-05-30,-3.8966666666666665,22343.0,22291.348214863076,-1518.3687838337426,NA
1958-05-31,-3.89,22335.0,22283.54316512026,-1515.2323281339552,NA
1958-06-01,-3.8966666666666665,22306.0,22254.43375020077,-1515.8543656713719,NA
1958-06-02,-3.925,22333.0,22280.618095785016,-1528.707385269432,NA
1958-06-03,-3.93,22355.0,22302.432873706806,-1532.1595588586988,NA
1958-06-04,-3.935,22377.0,22324.2472186201,-1535.615551475253,NA
1958-06-05,-3.93,22381.0,22328.371735470006,-1533.941538215904,NA
1958-06-06,-3.9233333333333333,22388.0,22335.533662006434,-1531.8224549135773,NA
1958-06-07,-3.8916666666666666,22324.0,22272.52444360302,-1515.133957479052,NA
1958-06-08,-3.92,22360.0,22307.68824869084,-1528.6088444139525,NA
1958-06-09,-3.913333333333333,22373.0,22320.83564891022,-1526.9004336690234,NA
1958-06-10,-3.8933333333333335,22341.0,22289.44112788204,-1516.9361247859808,NA
1958-06-11,-3.913333333333333,22354.0,22301.879948855276,-1525.6037319196064,NA
1958-06-12,-3.9266666666666667,22364.0,22311.500846029045,-1531.4783699566951,NA
1958-06-13,-3.9233333333333333,22372.0,22319.57115804931,-1530.727709546478,NA
1958-06-14,-3.9183333333333334,22376.0,22323.695304112654,-1529.053291791585,NA
1958-06-15,-3.908333333333333,22372.0,22319.971136742337,-1524.884407090898,NA
1958-06-16,-3.9283333333333332,22365.0,22312.453938212155,-1532.1958932071773,NA
1958-06-17,-3.925,22379.0,22326.510203088383,-1531.8561131484628,NA
1958-06-18,-3.93,22395.0,22342.33881488096,-1534.9010655620916,NA
1958-06-19,-3.941666666666667,22400.0,22347.01398523571,-1539.7941237969364,NA
1958-06-20,-3.9266666666666667,22401.0,22348.413989084987,-1534.0121161420107,NA
1958-06-21,-3.9166666666666665,22372.0,22319.749115218125,-1528.1306991614788,NA
1958-06-22,-3.9266666666666667,22351.0,22298.531363333714,-1530.588134810503,NA
1958-06-23,-3.921666666666667,22363.0,22310.63674928567,-1529.4629258088419,NA
1958-06-24,-3.93,22371.0,22318.39525017647,-1533.256161540056,NA
1958-06-25,-3.9283333333333332,22373.0,22320.43514239305,-1532.743962384269,NA
1958-06-26,-3.9033333333333333,22381.0,22329.0832459037,-1523.5492763618277,NA
1958-06-27,-3.935,22384.0,22331.23071643171,-1536.0959245753256,NA
1958-06-28,-3.921666666666667,22383.0,22330.5899190297,-1530.8307771041143,NA
1958-06-29,-3.9066666666666667,22290.0,22238.20602302079,-1518.648371968283,NA
1958-06-30,-3.9166666666666665,22357.0,22304.784148441428,-1527.106116625835,NA
1958-07-01,-3.8966666666666665,22361.0,22309.306603077173,-1519.592014291112,NA
1958-07-02,-3.908333333333333,22375.0,22322.96415986992,-1525.088888282623,NA
1958-07-03,-3.89,22376.0,22324.44870663671,-1518.0138157298134,NA
1958-07-04,-3.908333333333333,22378.0,22325.9571829975,-1525.293369474348,NA
1958-07-05,-3.915,22381.0,22328.77255523981,-1528.095931664433,NA
1958-07-06,-3.9,22388.0,22336.155634571533,-1522.726327413576,NA
1958-07-07,-3.925,22410.0,22357.43749279283,-1533.9780819365053,NA
1958-07-08,-3.9233333333333333,22350.0,22297.622715108264,-1529.2224346667167,NA
1958-07-09,-3.8133333333333335,22243.0,22193.754412557922,-1479.2951277773245,NA
1958-07-10,-3.875,22347.0,22295.911654700198,-1510.2094178635634,NA
1958-07-11,-3.8916666666666666,22362.0,22310.43682170985,-1517.7130244197529,NA
1958-07-12,-3.9,22378.0,22326.178791783175,-1522.0461745069235,NA
1958-07-13,-3.8933333333333335,22382.0,22330.346507508875,-1519.7199921650697,NA
1958-07-14,-3.9066666666666667,22392.0,22339.969011551435,-1525.597772324531,NA
1958-07-15,-3.8866666666666667,22382.0,22330.523183798676,-1517.121728085747,NA
1958-07-16,-3.8966666666666665,22384.0,22332.25343246185,-1521.1550309866398,NA
1958-07-17,-3.8933333333333335,22388.0,22336.332660624998,-1520.127387391278,NA
1958-07-18,-3.915,22387.0,22334.758553869517,-1528.5055905532222,NA
1958-07-19,-3.885,22380.0,22328.571901531246,-1516.3366506648165,NA
1958-07-20,-3.8933333333333335,22377.0,22325.358046578775,-1519.3804961432297,NA
1958-07-21,-3.905,22396.0,22344.004093298485,-1525.2203377415672,NA
1958-07-22,-3.9,22376.0,22324.183423225502,-1521.910143925593,NA
1958-07-23,-3.901666666666667,22376.0,22324.13914320905,-1522.559527454203,NA
1958-07-24,-3.8966666666666665,22377.0,22325.269614823035,-1520.6793302532183,NA
1958-07-25,-3.9033333333333333,22369.0,22317.111082061565,-1522.7323963602037,NA
1958-07-26,-3.908333333333333,22359.0,22307.001369856156,-1523.9983219267563,NA
1958-07-27,-3.901666666666667,22366.0,22314.16232020976,-1521.8790843332456,NA
1958-07-28,-3.8783333333333334,22361.0,22309.7916955352,-1512.4534709632053,NA
1958-07-29,-3.8916666666666666,22376.0,22324.404539959734,-1518.663206976853,NA
1958-07-30,-3.8866666666666667,22371.0,22319.548482921997,-1516.37611379708,NA
1958-07-31,-3.9033333333333333,22372.0,22320.104123022098,-1522.9366163606096,NA
1958-08-01,-3.9,22370.0,22318.19731755249,-1521.5020521816016,NA
1958-08-02,-3.913333333333333,22373.0,22320.83564891022,-1526.9004336690234,NA
1958-08-03,-3.905,22368.0,22316.069099790166,-1523.3134718076162,NA
1958-08-04,-3.925,22372.0,22319.52662154222,-1531.3769589060016,NA
1958-08-05,-3.9166666666666665,22369.0,22316.756121862785,-1527.92578265435,NA
1958-08-06,-3.9066666666666667,22380.0,22327.996895253713,-1524.7801958120313,NA
1958-08-07,-3.908333333333333,22371.0,22318.973462366477,-1524.8162466936562,NA
1958-08-08,-3.91,22365.0,22312.943063460727,-1525.0563421591144,NA
1958-08-09,-3.908333333333333,22368.0,22315.980439238898,-1524.6117655019314,NA
1958-08-10,-3.895,22372.0,22320.32538909384,-1519.6902727111749,NA
1958-08-11,-3.9033333333333333,22370.0,22318.108762381744,-1522.8004696936723,NA
1958-08-12,-3.9,22373.0,22321.190370389,-1521.7060980535973,NA
1958-08-13,-3.9,22363.0,22311.21352760064,-1521.0259451469449,NA
1958-08-14,-3.8966666666666665,22368.0,22316.290420715988,-1520.0677150245335,NA
1958-08-15,-3.9066666666666667,22370.0,22318.020131672278,-1524.0988820516147,NA
1958-08-16,-3.9,22361.0,22309.21815904297,-1520.8899145656144,NA
1958-08-17,-3.8783333333333334,22357.0,22305.800855824,-1512.182918935843,NA
1958-08-18,-3.89,22326.0,22274.56389990933,-1514.6217576860838,NA
1958-08-19,-3.905,22346.0,22294.120176319342,-1521.8152200023692,NA
1958-08-20,-3.9066666666666667,22361.0,22309.041044448986,-1523.48569966724,NA
1958-08-21,-3.908333333333333,22373.0,22320.968811118197,-1524.9525674881397,NA
1958-08-22,-3.8783333333333334,22349.0,22297.8191764016,-1511.6418148811179,NA
1958-08-23,-3.888333333333333,22349.0,22297.555005519927,-1515.5334954441641,NA
1958-08-24,-3.875,22330.0,22278.950519060967,-1509.0605585042008,NA
1958-08-25,-3.8916666666666666,22335.0,22283.499079370784,-1515.8805294882022,NA
1958-08-26,-3.8933333333333335,22330.0,22278.466513835814,-1516.1892335379328,NA
1958-08-27,-3.895,22324.0,22272.436258990292,-1516.4297178618035,NA
1958-08-28,-3.8766666666666665,22337.0,22285.89059610715,-1510.181889158647,NA
1958-08-29,-3.8983333333333334,22356.0,22304.273959214177,-1519.9010337256605,NA
1958-08-30,-3.8966666666666665,22371.0,22319.283485418335,-1520.2715867674285,NA
1958-08-31,-3.9033333333333333,22371.0,22319.106442701923,-1522.868543027141,NA
1958-09-01,-3.9033333333333333,22379.0,22327.087885263347,-1523.4131296948904,NA
1958-09-02,-3.905,22373.0,22321.057491488078,-1523.653983581536,NA
1958-09-03,-3.93,22368.0,22315.402304588406,-1533.0505485373014,NA
1958-09-04,-3.815,22281.0,22231.627167395218,-1482.4690519315336,NA
1958-09-05,-3.796666666666667,22244.0,22195.181588411124,-1472.905379668305,NA
1958-09-06,-3.868333333333333,22324.0,22273.139625111282,-1506.063491456351,NA
1958-09-07,-3.888333333333333,22349.0,22297.555005519927,-1515.5334954441641,NA
1958-09-08,-3.8866666666666667,22362.0,22310.569182204716,-1515.7660657427161,NA
1958-09-09,-3.8766666666666665,22364.0,22312.82881726912,-1512.0073317430263,NA
1958-09-10,-3.888333333333333,22362.0,22310.52508091801,-1516.415053251707,NA
1958-09-11,-3.8983333333333334,22376.0,22324.22768435214,-1521.2607591092046,NA
1958-09-12,-3.8983333333333334,22381.0,22329.216115636627,-1521.6006904550907,NA
1958-09-13,-3.901666666666667,22394.0,22342.097424607768,-1523.7843250719263,NA
1958-09-14,-3.9033333333333333,22394.0,22342.053090066016,-1524.43422969692,NA
1958-09-15,-3.91,22395.0,22342.8732352427,-1527.1020247106358,NA
1958-09-16,-3.885,22388.0,22336.553517939297,-1516.8786834264483,NA
1958-09-17,-3.8966666666666665,22355.0,22303.320473672473,-1519.1842708053223,NA
1958-09-18,-3.895,22372.0,22320.32538909384,-1519.6902727111749,NA
1958-09-19,-3.905,22386.0,22334.027309902656,-1524.5393141937275,NA
1958-09-20,-3.9066666666666667,22395.0,22342.96204062587,-1525.802166452656,NA
1958-09-21,-3.9,22389.0,22337.153318850367,-1522.7943427042412,NA
1958-09-22,-3.9066666666666667,22391.0,22338.97133519329,-1525.5296409484893,NA
1958-09-23,-3.9,22386.0,22334.16026601386,-1522.5902968322455,NA
1958-09-24,-3.9,22385.0,22333.162581735025,-1522.5222815415802,NA
1958-09-25,-3.8766666666666665,22320.0,22268.929493894062,-1509.032536420334,NA
1958-09-26,-3.8633333333333333,22313.0,22262.29596552146,-1503.3786427666291,NA
1958-09-27,-3.8733333333333335,22333.0,22281.987553907045,-1508.6151422849964,NA
1958-09-28,-3.8916666666666666,22346.0,22294.473715138553,-1516.6271014973524,NA
1958-09-29,-3.888333333333333,22356.0,22304.53889227274,-1516.0081804174563,NA
1958-09-30,-3.8866666666666667,22347.0,22295.60368100925,-1514.749318985443,NA
1958-10-01,-3.8916666666666666,22346.0,22294.473715138553,-1516.6271014973524,NA
1958-10-02,-3.8833333333333333,22346.0,22294.69406379965,-1513.3844857063584,NA
1958-10-03,-3.8866666666666667,22344.0,22292.610580770153,-1514.5459696339885,NA
1958-10-04,-3.9,22361.0,22309.21815904297,-1520.8899145656144,NA
1958-10-05,-3.8933333333333335,22365.0,22313.38574034653,-1518.5657056908135,NA
1958-10-06,-3.89,22374.0,22322.453314367613,-1517.878133408064,NA
1958-10-07,-3.885,22368.0,22316.599476919164,-1515.5236015223688,NA
1958-10-08,-3.8783333333333334,22364.0,22312.7848253186,-1512.6563849837273,NA
1958-10-09,-3.888333333333333,22379.0,22327.48594874627,-1517.5678596154166,NA
1958-10-10,-3.8916666666666666,22393.0,22341.36534069174,-1519.8170000819034,NA
1958-10-11,NA,NA,NA,NA,NA
1958-10-12,-3.8966666666666665,22405.0,22353.204885378294,-1522.5821331869042,NA
1958-10-13,-3.9,22404.0,22352.1185830329,-1523.8145720642199,NA
1958-10-14,-3.908333333333333,22407.0,22354.88973989744,-1527.2700209943569,NA
1958-10-15,-3.901666666666667,22407.0,22355.067294506844,-1524.6689011291708,NA
1958-10-16,-3.901666666666667,22405.0,22353.071929906986,-1524.5328125049793,NA
1958-10-17,-3.9,22403.0,22351.120898754067,-1523.7465567735546,NA
1958-10-18,-3.8916666666666666,22397.0,22345.356117334562,-1520.0884808125036,NA
1958-10-19,-3.9,22399.0,22347.130161638725,-1523.4744956108937,NA
1958-10-20,-3.885,22399.0,22347.528240500375,-1517.623978473692,NA
1958-10-21,-3.885,22396.0,22344.535134347352,-1517.42071618808,NA
1958-10-22,-3.865,22357.0,22306.15215278871,-1506.992082474116,NA
1958-10-23,-3.841666666666667,22314.0,22263.86063640829,-1495.026943767044,NA
1958-10-24,-3.8316666666666666,22288.0,22238.17934686921,-1489.4036848617334,NA
1958-10-25,-3.841666666666667,22322.0,22271.84266047799,-1495.5629398031708,NA
1958-10-26,-3.8716666666666666,22353.0,22301.985784137323,-1509.3174232535475,NA
1958-10-27,-3.8583333333333334,22353.0,22302.336414374215,-1504.1274746768968,NA
1958-10-28,-3.865,22351.0,22300.165798943526,-1506.587647509906,NA
1958-10-29,-3.845,22356.0,22305.6790841732,-1499.1386172993728,NA
1958-10-30,-3.86,22363.0,22312.269966837208,-1505.449410300548,NA
1958-10-31,-3.8766666666666665,22379.0,22327.794495692437,-1513.0214665121262,NA
1958-11-01,-3.885,22389.0,22337.551219990306,-1516.9464375216521,NA
1958-11-02,-3.885,22374.0,22322.585689225205,-1515.9301260935927,NA
1958-11-03,-3.8633333333333333,22362.0,22311.184617980143,-1506.6801061958213,NA
1958-11-04,-3.875,22381.0,22329.833925978663,-1512.5071365822891,NA
1958-11-05,-3.875,22383.0,22331.829353700923,-1512.64229650692,NA
1958-11-06,-3.88,22389.0,22337.6835134846,-1514.9971126699136,NA
1958-11-07,-3.888333333333333,22380.0,22328.483646853816,-1517.6356717544584,NA
1958-11-08,-3.8833333333333333,22386.0,22334.602224658505,-1516.0934886343211,NA
1958-11-09,-3.89,22401.0,22349.3911100004,-1519.709844751678,NA
1958-11-10,-3.8916666666666666,22391.0,22339.369952370325,-1519.6812597166033,NA
1958-11-11,-3.865,22368.0,22317.127134838207,-1507.7335465751678,NA
1958-11-12,-3.868333333333333,22373.0,22322.027989276772,-1509.369221212728,NA
1958-11-13,-3.8766666666666665,22373.0,22321.80822432311,-1512.615812604486,NA
1958-11-14,-3.8783333333333334,22383.0,22331.741313946797,-1513.9415071136991,NA
1958-11-15,-3.8833333333333333,22388.0,22336.597632701447,-1516.2289387807193,NA
1958-11-16,-3.888333333333333,22390.0,22338.460627929268,-1518.313793144876,NA
1958-11-17,-3.888333333333333,22392.0,22340.456024144354,-1518.4494174229596,NA
1958-11-18,-3.888333333333333,22386.0,22334.469835499087,-1518.042544588709,NA
1958-11-19,-3.8833333333333333,22385.0,22333.604520637033,-1516.0257635611222,NA
1958-11-20,-3.89,22393.0,22341.409540924018,-1519.1671154646813,NA
1958-11-21,-3.89,22395.0,22343.404933193113,-1519.3027977864306,NA
1958-11-22,-3.88,22395.0,22343.66976124381,-1515.4031148440179,NA
1958-11-23,-3.88,22393.0,22341.674345324074,-1515.2677807859832,NA
1958-11-24,-3.8716666666666666,22377.0,22325.93101112338,-1510.937949275025,NA
1958-11-25,-3.868333333333333,22372.0,22321.03026755911,-1509.301757340149,NA
1958-11-26,-3.8633333333333333,22372.0,22321.16189399212,-1507.3538742425953,NA
1958-11-27,-3.8733333333333335,22379.0,22327.88248192745,-1511.7224855234824,NA
1958-11-28,-3.8783333333333334,22385.0,22333.736733802398,-1514.0767831273804,NA
1958-11-29,-3.8766666666666665,22376.0,22324.801360007772,-1512.8186395583061,NA
1958-11-30,NA,NA,NA,NA,NA
1958-12-01,-3.881666666666667,22388.0,22336.64172856327,-1515.5791928520189,NA
1958-12-02,-3.881666666666667,22361.0,22309.70366680379,-1513.7513994713238,NA
1958-12-03,-3.8733333333333335,22359.0,22307.92816539684,-1510.3714667241406,NA
1958-12-04,-3.84,22298.0,22247.940036244225,-1493.307785984305,NA
1958-12-05,-3.8216666666666668,22273.0,22223.472313115508,-1484.5225994199252,NA
1958-12-06,-3.861666666666667,22320.0,22269.323794539574,-1503.202492664758,NA
1958-12-07,-3.868333333333333,22345.0,22294.091781182207,-1507.4802327805126,NA
1958-12-08,-3.8716666666666666,22355.0,22303.981219719495,-1509.4524670886706,NA
1958-12-09,-3.87,22361.0,22310.011437004327,-1509.2086273064253,NA
1958-12-10,-3.8783333333333334,22371.0,22319.7687948132,-1513.1298510316117,NA
1958-12-11,-3.8783333333333334,22388.0,22336.7298635858,-1514.2796971479022,NA
1958-12-12,-3.868333333333333,22386.0,22334.998371606394,-1510.2462515562568,NA
1958-12-13,-3.868333333333333,22360.0,22309.057606947154,-1508.4921908691995,NA
1958-12-14,-3.855,22339.0,22288.45555975799,-1501.8887311292865,NA
1958-12-15,-3.87,22376.0,22324.977233326274,-1510.2210207329088,NA
1958-12-16,-3.8766666666666665,22390.0,22338.7693265362,-1513.7651653427993,NA
1958-12-17,-3.861666666666667,22371.0,22320.208002134626,-1506.6372295431588,NA
1958-12-18,-3.8466666666666667,22342.0,22291.667006347983,-1498.848250523305,NA
1958-12-19,-3.85,22353.0,22302.55494495513,-1500.883715434867,NA
1958-12-20,-3.8733333333333335,NA,NA,NA,NA
1958-12-21,-3.8633333333333333,NA,NA,NA,NA
1958-12-22,-3.8766666666666665,22387.0,22335.77619085154,-1513.5623383889792,NA
1958-12-23,-3.8766666666666665,22384.0,22332.783055166874,-1513.3595114351592,NA
1958-12-24,-3.8766666666666665,22388.0,22336.773902746427,-1513.6299473735858,NA
1958-12-25,-3.8766666666666665,22394.0,22342.760174115752,-1514.0356012812258,NA
1958-12-26,-3.8766666666666665,22392.0,22340.764750325976,-1513.9003833120125,NA
1958-12-27,-3.868333333333333,22378.0,22327.016597865088,-1509.7065405756236,NA
1958-12-28,-3.8666666666666667,22386.0,22335.04229343958,-1509.596552150707,NA
1958-12-29,-3.875,22392.0,22340.808778451104,-1513.250516167759,NA
1958-12-30,-3.8783333333333334,22397.0,22345.709252935998,-1514.8884392094678,NA
1958-12-31,NA,22402.0,NA,NA,NA
1959-01-01,NA,22413.0,NA,NA,NA
1959-01-02,NA,22415.0,NA,NA,NA
1959-01-03,-3.8933333333333335,22411.0,22359.27958090347,-1521.6890690917423,NA
1959-01-04,-3.881666666666667,22401.0,22349.611906447466,-1516.459241516798,NA
1959-01-05,-3.8666666666666667,22369.0,22318.080990884926,-1508.4501597006686,NA
1959-01-06,-3.848333333333333,22342.0,22291.62339718857,-1499.4966881974465,NA
1959-01-07,-3.855,22364.0,22313.398994513078,-1503.5695233884849,NA
1959-01-08,-3.855,22364.0,22313.398994513078,-1503.5695233884849,NA
1959-01-09,-3.86,22340.0,22289.322141892557,-1503.9010788406852,NA
1959-01-10,-3.84,22305.0,22254.924320944814,-1493.7765793515077,NA
1959-01-11,-3.8583333333333334,22339.0,22288.368145694338,-1503.185418369221,NA
1959-01-12,-3.8633333333333333,22360.0,22309.189162777748,-1506.5453525864666,NA
1959-01-13,-3.8733333333333335,22370.0,22318.903039488676,-1511.1145270637787,NA
1959-01-14,-3.8783333333333334,22389.0,22337.7275735136,-1514.347335154743,NA
1959-01-15,-3.8633333333333333,22378.0,22327.148259599304,-1507.7581350706596,NA
1959-01-16,-3.8866666666666667,22383.0,22331.520883878373,-1517.1895112028985,NA
1959-01-17,-3.875,22366.0,22314.868218061692,-1511.4934371475572,NA
1959-01-18,-3.8583333333333334,22373.0,22322.29108391689,-1505.473269402148,NA
1959-01-19,-3.86,22376.0,22325.240476588533,-1506.324554169166,NA
1959-01-20,-3.8666666666666667,22389.0,22338.035464478635,-1509.798856700714,NA
1959-01-21,-3.8716666666666666,22393.0,22341.894495780747,-1512.0182999560097,NA
1959-01-22,-3.881666666666667,22411.0,22359.588966358384,-1517.1362020281667,NA
1959-01-23,-3.8733333333333335,22414.0,22362.80253585602,-1514.0867684223306,NA
1959-01-24,-3.8783333333333334,22411.0,22359.6771919252,-1515.8353713052365,NA
1959-01-25,-3.881666666666667,22394.0,22342.627964509822,-1515.98536915884,NA
1959-01-26,-3.8716666666666666,22375.0,22323.935575541207,-1510.8029054399017,NA
1959-01-27,-3.868333333333333,22380.0,22329.012041300415,-1509.8414683207818,NA
1959-01-28,-3.865,22379.0,22328.10211688771,-1508.4750106762197,NA
1959-01-29,-3.8666666666666667,22378.0,22327.060504002096,-1509.0570733506888,NA
1959-01-30,-3.8533333333333335,22386.0,22335.392987737636,-1504.3989109675467,NA
1959-01-31,-3.8666666666666667,22383.0,22332.049122400524,-1509.3942476007003,NA
1959-02-01,-3.86,22386.0,22335.217791781863,-1506.9977417604107,NA
1959-02-02,-3.868333333333333,22367.0,22316.041658970793,-1508.9644379772533,NA
1959-02-03,-3.855,22351.0,22300.42840844043,-1502.6955114137018,NA
1959-02-04,-3.8383333333333334,22344.0,22293.880283019516,-1495.7399260545737,NA
1959-02-05,-3.8566666666666665,22348.0,22297.391481062758,-1503.1424218050402,NA
1959-02-06,-3.84,22359.0,22308.803088635064,-1497.392985327073,NA
1959-02-07,-3.86,22377.0,22326.23820810787,-1506.3918729282905,NA
1959-02-08,-3.8666666666666667,22394.0,22343.024082877062,-1510.1360309507252,NA
1959-02-09,-3.8566666666666665,22373.0,22322.334866915033,-1504.8239396386327,NA
1959-02-10,-3.8583333333333334,22382.0,22331.270685211097,-1506.0788770285108,NA
1959-02-11,-3.88,22376.0,22324.71331000632,-1514.1174412926878,NA
1959-02-12,-3.848333333333333,22369.0,22318.562517756294,-1501.3088093406445,NA
1959-02-13,-3.8533333333333335,22376.0,22325.415594282917,-1503.726884294194,NA
1959-02-14,-3.86,22360.0,22309.276772279212,-1505.2474540231744,NA
1959-02-15,-3.8716666666666666,22365.0,22313.95839763035,-1510.1276862642862,NA
1959-02-16,-3.8533333333333335,22366.0,22315.438200828197,-1503.0548576208412,NA
1959-02-17,-3.8216666666666668,22352.0,22302.29664359349,-1489.7880457160763,NA
1959-02-18,-3.8583333333333334,22378.0,22327.27975130256,-1505.8097180834607,NA
1959-02-19,-3.868333333333333,22381.0,22330.00976301808,-1509.9089321933611,NA
1959-02-20,-3.87,22397.0,22345.929348177,-1511.6383715299855,NA
1959-02-21,-3.86,22398.0,22347.190570013856,-1507.8055668699044,NA
1959-02-22,-3.8766666666666665,22409.0,22357.725852539068,-1515.0497360503255,NA
1959-02-23,-3.8583333333333334,22386.0,22335.261619119632,-1506.348035973561,NA
1959-02-24,-3.865,22392.0,22341.072550218934,-1509.3512864320082,NA
1959-02-25,-3.875,22351.0,22299.902510144722,-1510.4797377128252,NA
1959-02-26,-3.8216666666666668,22331.0,22281.34334055504,-1488.3883701183654,NA
1959-02-27,-3.8533333333333335,22363.0,22312.444982791778,-1502.8532496188354,NA
1959-02-28,-3.8383333333333334,22347.0,22296.873553734207,-1495.94075042703,NA
1959-03-01,-3.83,22357.0,22307.068559967967,-1493.365749201647,NA
1959-03-02,-3.84,22367.0,22316.78512829288,-1497.9287491753048,NA
1959-03-03,-3.8516666666666666,22377.0,22326.457067779345,-1503.1446372873413,NA
1959-03-04,-3.8383333333333334,22368.0,22317.826448737043,-1497.3465210342242,NA
1959-03-05,-3.845,22375.0,22324.636317247063,-1500.412710774444,NA
1959-03-06,-3.8516666666666666,22388.0,22337.432222078205,-1503.8835473740448,NA
1959-03-07,-3.868333333333333,22386.0,22334.998371606394,-1510.2462515562568,NA
1959-03-08,-3.845,22386.0,22335.61155744772,-1501.1503438389586,NA
1959-03-09,-3.8566666666666665,22390.0,22339.296369294574,-1505.9673717654755,NA
1959-03-10,-3.8733333333333335,22405.0,22353.823093417246,-1513.4788099626269,NA
1959-03-11,-3.8766666666666665,22418.0,22366.705259593058,-1515.6582169117853,NA
1959-03-12,-3.8716666666666666,22395.0,22343.88993136292,-1512.153343791133,NA
1959-03-13,-3.8633333333333333,22396.0,22345.10735642086,-1508.9709175548526,NA
1959-03-14,-3.8716666666666666,22406.0,22354.864827064863,-1512.89608488431,NA
1959-03-15,-3.875,22410.0,22358.767627951467,-1514.4669554894374,NA
1959-03-16,-3.868333333333333,22419.0,22367.923188289275,-1512.4725593513676,NA
1959-03-17,-3.868333333333333,22408.0,22356.94824939498,-1511.7304567529973,NA
1959-03-18,-3.86,22408.0,22357.167885207182,-1508.4787544611493,NA
1959-03-19,-3.87,22411.0,22359.89742474415,-1512.58327206137,NA
1959-03-20,-3.87,22408.0,22356.904265479763,-1512.3807933760734,NA
1959-03-21,-3.861666666666667,22408.0,22357.123995880054,-1509.1290974745475,NA
1959-03-22,-3.86,22411.0,22360.16107976518,-1508.6807107385225,NA
1959-03-23,-3.855,22412.0,22361.29038924285,-1506.7966445261459,NA
1959-03-24,-3.8583333333333334,22406.0,22355.216288662312,-1507.6938306988122,NA
1959-03-25,-3.8533333333333335,22398.0,22347.365859883303,-1505.2053429755701,NA
1959-03-26,-3.8666666666666667,22357.0,22306.1083067287,-1507.6409415006412,NA
1959-03-27,-3.775,22259.0,22210.70444184271,-1465.4996407739013,NA
1959-03-28,-3.805,22294.0,22244.856912300063,-1479.4515711222466,NA
1959-03-29,-3.7683333333333335,22316.0,22267.751572963505,-1466.6614758632538,NA
1959-03-30,-3.83,22350.0,22300.08419355388,-1492.8981748292174,NA
1959-03-31,-3.835,22355.0,22304.9426326874,-1495.1786356566017,NA
1959-04-01,-3.8233333333333333,22349.0,22299.259974792447,-1490.2367518685217,NA
1959-04-02,-3.8333333333333335,22366.0,22315.961506405387,-1495.2652087950976,NA
1959-04-03,-3.8333333333333335,22374.0,22323.943608348123,-1495.8000438872177,NA
1959-04-04,-3.835,22384.0,22333.877695820836,-1497.1182545532263,NA
1959-04-05,-3.845,22402.0,22351.575543194132,-1502.2232646600712,NA
1959-04-06,-3.848333333333333,22404.0,22353.48359997371,-1503.6578552670123,NA
1959-04-07,-3.8433333333333333,22399.0,22348.625978463013,-1501.3719974637024,NA
1959-04-08,-3.828333333333333,22379.0,22329.06289938921,-1494.1857431793073,NA
1959-04-09,-3.8183333333333334,22366.0,22316.352201161233,-1489.422852559378,NA
1959-04-10,-3.8333333333333335,22346.0,22296.006251548544,-1493.9281210647969,NA
1959-04-11,-3.8566666666666665,22365.0,22314.352983442303,-1504.2858539318831,NA
1959-04-12,-3.83,22379.0,22329.01942584082,-1494.8352686578548,NA
1959-04-13,-3.8516666666666666,22396.0,22345.414152477377,-1504.4209365280108,NA
1959-04-14,-3.861666666666667,22409.0,22358.121725440742,-1509.1964452564769,NA
1959-04-15,-3.835,22401.0,22350.83962938182,-1498.2552725271096,NA
1959-04-16,-3.8533333333333335,22413.0,22362.33195006538,-1506.2133829855993,NA
1959-04-17,-3.845,22402.0,22351.575543194132,-1502.2232646600712,NA
1959-04-18,-3.85,22402.0,22351.444364375464,-1504.1738018687377,NA
1959-04-19,-3.841666666666667,22409.0,22358.647172235967,-1501.3918966960512,NA
1959-04-20,-3.845,22415.0,22364.54628161309,-1503.095012827225,NA
1959-04-21,-3.8433333333333333,22401.0,22350.621480581718,-1501.5060545195945,NA
1959-04-22,-3.848333333333333,22407.0,22356.476835592348,-1503.8592020607011,NA
1959-04-23,-3.86,22405.0,22354.174690649183,-1508.2767981837758,NA
1959-04-24,-3.82,22354.0,22304.33552688252,-1489.2725419634364,NA
1959-04-25,-3.835,22384.0,22333.877695820836,-1497.1182545532263,NA
1959-04-26,-3.825,22392.0,22342.12083173036,-1493.7539089021034,NA
1959-04-27,-3.8316666666666666,22395.0,22344.940168392677,-1496.553998675454,NA
1959-04-28,-3.81,22396.0,22346.502289476826,-1488.170496417293,NA
1959-04-29,-3.8233333333333333,22383.0,22333.184304254297,-1492.5038801321366,NA
1959-04-30,NA,NA,NA,NA,NA
1959-05-01,-3.828333333333333,22388.0,22338.04281654791,-1494.7866490146266,NA
1959-05-02,-3.8216666666666668,22398.0,22348.19435501105,-1492.854001787253,NA
1959-05-03,-3.8466666666666667,22422.0,22371.486778996263,-1504.215176494206,NA
1959-05-04,-3.86,22426.0,22375.12705255517,-1509.6904921253897,NA
1959-05-05,-3.815,22392.0,22342.381200678323,-1489.854450466806,NA
1959-05-06,-3.84,22412.0,22361.684101368086,-1500.9424208216092,NA
1959-05-07,-3.8533333333333335,22426.0,22375.30256155652,-1507.087017660958,NA
1959-05-08,-3.861666666666667,22407.0,22356.126266319367,-1509.061749692618,NA
1959-05-09,-3.8433333333333333,22408.0,22357.605737997194,-1501.975254215217,NA
1959-05-10,-3.848333333333333,22408.0,22357.47458079856,-1503.9263176585973,NA
1959-05-11,-3.83,22404.0,22353.96359160542,-1496.5051771308183,NA
1959-05-12,NA,NA,NA,NA,NA
1959-05-13,-3.828333333333333,22373.0,22323.07628795008,-1493.7851392890943,NA
1959-05-14,-3.82,NA,NA,NA,NA
1959-05-15,-3.81,22390.0,22340.515550160126,-1487.7718081257005,NA
1959-05-16,-3.8316666666666666,22368.0,22318.000521840026,-1494.7497138813376,NA
1959-05-17,-3.8166666666666664,22378.0,22328.368903047558,-1489.5724653130346,NA
1959-05-18,-3.825,22387.0,22337.131969451035,-1493.4203625666034,NA
1959-05-19,-3.8133333333333335,22378.0,22328.455525074012,-1488.2734509464087,NA
1959-05-20,-3.8316666666666666,22399.0,22348.931227141216,-1496.8213001264342,NA
1959-05-21,-3.8383333333333334,22400.0,22349.75466969375,-1499.4886476737581,NA
1959-05-22,-3.84,22399.0,22348.713286924136,-1500.0718045682324,NA
1959-05-23,-3.83,22394.0,22343.985925299578,-1495.837213741633,NA
1959-05-24,-3.828333333333333,22382.0,22332.056205108776,-1494.3860451244138,NA
1959-05-25,-3.815,22363.0,22313.44546225301,-1487.9249319305636,NA
1959-05-26,-3.8183333333333334,22386.0,22336.307805382963,-1490.754715970412,NA
1959-05-27,-3.845,22404.0,22353.571041412433,-1502.3573797627103,NA
1959-05-28,-3.835,22417.0,22366.803802145092,-1499.3254070907644,NA
1959-05-29,-3.8333333333333335,22417.0,22366.84740629033,-1498.674782507364,NA
1959-05-30,-3.8466666666666667,22426.0,22375.477767628676,-1504.4835227927508,NA
1959-05-31,-3.845,22414.0,22363.54853250394,-1503.0279552759055,NA
1959-06-01,-3.8316666666666666,22407.0,22356.9133446383,-1497.3559030283946,NA
1959-06-02,-3.8383333333333334,22413.0,22362.72550945741,-1500.358886621069,NA
1959-06-03,-3.828333333333333,22402.0,22352.01157657255,-1495.7213914251236,NA
1959-06-04,-3.836666666666667,22410.0,22359.775867111905,-1499.5076433683005,NA
1959-06-05,-3.8383333333333334,22409.0,22358.734481837822,-1500.091120791127,NA
1959-06-06,-3.841666666666667,22418.0,22367.62694931438,-1501.994892236694,NA
1959-06-07,-3.841666666666667,22420.0,22369.622455331806,-1502.1288912457258,NA
1959-06-08,-3.84,22427.0,22376.65042572649,-1501.946978037044,NA
1959-06-09,-3.85,22416.0,22365.412769924133,-1505.1138265641293,NA
1959-06-10,-3.8433333333333333,22408.0,22357.605737997194,-1501.975254215217,NA
1959-06-11,-3.845,22411.0,22360.555285176488,-1502.826782621947,NA
1959-06-12,-3.8316666666666666,22401.0,22350.926756515488,-1496.9549508519242,NA
1959-06-13,-3.836666666666667,22407.0,22356.782590556737,-1499.3069060666448,NA
1959-06-14,-3.828333333333333,22414.0,22363.984799450813,-1496.5225992055496,NA
1959-06-15,-3.835,22411.0,22360.817237358864,-1498.924106629394,NA
1959-06-16,-3.828333333333333,22409.0,22358.99595658487,-1496.1887626303721,NA
1959-06-17,-3.835,22415.0,22364.80828054968,-1499.1916402703077,NA
1959-06-18,-3.8316666666666666,22419.0,22368.88652088392,-1498.1578073813353,NA
1959-06-19,-3.848333333333333,22421.0,22370.445268479318,-1504.7988204312483,NA
1959-06-20,-3.8383333333333334,22428.0,22377.69186303087,-1501.3630084833503,NA
1959-06-21,-3.825,22423.0,22373.051777862176,-1495.8218961822017,NA
1959-06-22,-3.85,22427.0,22376.387945712373,-1505.8524173962228,NA
1959-06-23,-3.8316666666666666,22427.0,22376.868638381,-1498.6924102832957,NA
1959-06-24,-3.8166666666666664,22400.0,22350.320110298744,-1491.0368765310561,NA
1959-06-25,-3.8383333333333334,22409.0,22358.734481837822,-1500.091120791127,NA
1959-06-26,-3.8316666666666666,22407.0,22356.9133446383,-1497.3559030283946,NA
1959-06-27,-3.841666666666667,22410.0,22359.64492524468,-1501.458896200567,NA
1959-06-28,-3.796666666666667,22373.0,22323.89847498301,-1481.4472243894527,NA
1959-06-29,-3.8116666666666665,22374.0,22324.507655935904,-1487.3580335814381,NA
1959-06-30,-3.805,22357.0,22307.71804020331,-1483.6323125316258,NA
1959-07-01,-3.81,NA,NA,NA,NA
1959-07-02,-3.82,22381.0,22331.275540268307,-1491.071341222317,NA
1959-07-03,-3.835,22408.0,22357.82395496575,-1498.7234563987085,NA
1959-07-04,-3.841666666666667,22419.0,22368.624702323094,-1502.0618917412098,NA
1959-07-05,-3.8216666666666668,22407.0,22357.17434202753,-1493.4538627577006,NA
1959-07-06,-3.8316666666666666,22412.0,22361.902168073975,-1497.6900298421199,NA
1959-07-07,-3.8333333333333335,22409.0,22358.865304347593,-1498.1399474152436,NA
1959-07-08,-3.8266666666666667,22411.0,22361.035010522024,-1495.6718417515112,NA
1959-07-09,-3.8333333333333335,22411.0,22360.860829833277,-1498.2736561882737,NA
1959-07-10,-3.82,22412.0,22362.20666674828,-1493.1366292602906,NA
1959-07-11,-3.848333333333333,22431.0,22380.42272054144,-1505.4699764102104,NA
1959-07-12,-3.805,22396.0,22346.63207176246,-1486.2203905469557,NA
1959-07-13,-3.8183333333333334,22399.0,22349.27894812709,-1491.6204271875843,NA
1959-07-14,-3.8333333333333335,22398.0,22347.889914176332,-1497.4045491635784,NA
1959-07-15,-3.7866666666666666,22312.0,22263.289867588297,-1473.522402863413,NA
1959-07-16,-3.763333333333333,22286.0,22237.94416824625,-1462.7491821780795,NA
1959-07-17,-3.8116666666666665,22369.0,22319.518716171904,-1487.0256482159286,NA
1959-07-18,-3.796666666666667,22324.0,22275.00601419214,-1478.2026477124275,NA
1959-07-19,-3.7783333333333333,22348.0,22299.425699769356,-1472.656599640927,NA
1959-07-20,-3.8116666666666665,22370.0,22320.516504124706,-1487.0921252890305,NA
1959-07-21,-3.8116666666666665,22382.0,22332.489959558297,-1487.8898501662532,NA
1959-07-22,-3.825,22389.0,22339.127514362764,-1493.5537811008035,NA
1959-07-23,-3.815,22384.0,22334.398928009272,-1489.3221694912909,NA
1959-07-24,-3.8016666666666667,22399.0,22349.71189736232,-1485.1192224536373,NA
1959-07-25,-3.8033333333333332,22373.0,22323.725949655036,-1484.0447178903955,NA
1959-07-26,-3.8033333333333332,22377.0,22327.71714009881,-1484.3100456904922,NA
1959-07-27,-3.808333333333333,22374.0,22324.594149138473,-1486.0592438568108,NA
1959-07-28,-3.8033333333333332,22378.0,22328.714937709756,-1484.3763776405162,NA
1959-07-29,-3.8166666666666664,22385.0,22335.35337808203,-1490.0384143369506,NA
1959-07-30,-3.808333333333333,22386.0,22336.567650961555,-1486.8562721452831,NA
1959-07-31,-3.8333333333333335,22389.0,22338.91004949075,-1496.802859684943,NA
1959-08-01,-3.8183333333333334,22384.0,22334.31224496079,-1490.6215296293087,NA
1959-08-02,-3.8016666666666667,22374.0,22324.76690886131,-1483.461649322634,NA
1959-08-03,-3.796666666666667,22378.0,22328.887501594323,-1481.7783036422102,NA
1959-08-04,-3.8066666666666666,22379.0,22329.626336155623,-1485.7417971051764,NA
1959-08-05,-3.8016666666666667,22386.0,22336.740503341793,-1484.2572844255155,NA
1959-08-06,-3.8116666666666665,22391.0,22341.470051133492,-1488.48814382417,NA
1959-08-07,-3.8183333333333334,22390.0,22340.29892622731,-1491.0210886526188,NA
1959-08-08,-3.8133333333333335,22395.0,22345.417887390853,-1489.4040546047377,NA
1959-08-09,-3.805,22377.0,22327.673953823385,-1484.959532026667,NA
1959-08-10,-3.808333333333333,22383.0,22333.574275505784,-1486.657015073165,NA
1959-08-11,-3.8066666666666666,22400.0,22350.580004910225,-1487.1359870930762,NA
1959-08-12,-3.805,22407.0,22357.6078242535,-1486.9503612692283,NA
1959-08-13,-3.8133333333333335,22409.0,22359.38689165178,-1490.3351399704206,NA
1959-08-14,-3.8066666666666666,22411.0,22361.555736162638,-1487.866277086738,NA
1959-08-15,-3.836666666666667,22418.0,22367.75793792569,-1500.0429428393825,NA
1959-08-16,-3.7866666666666666,22352.0,22303.202542144747,-1476.1640708499017,NA
1959-08-17,-3.76,22310.0,22261.977569743354,-1463.029283453947,NA
1959-08-18,-3.7983333333333333,22352.0,22302.901500675605,-1480.7054572607933,NA
1959-08-19,-3.796666666666667,22366.0,22316.91383772717,-1480.9837134355919,NA
1959-08-20,-3.805,22396.0,22346.63207176246,-1486.2203905469557,NA
1959-08-21,-3.7816666666666667,22370.0,22321.292084057033,-1475.4049268633885,NA
1959-08-22,-3.796666666666667,22368.0,22318.909448371698,-1481.116145136695,NA
1959-08-23,-3.79,22365.0,22316.08819391715,-1478.3209128303995,NA
1959-08-24,-3.785,22365.0,22316.217116780266,-1476.3734611280959,NA
1959-08-25,-3.8,22373.0,22323.812250098035,-1482.745973649203,NA
1959-08-26,-3.7983333333333333,22385.0,22335.829012733688,-1482.8915381524184,NA
1959-08-27,-3.8,22394.0,22344.766080932168,-1484.137725557603,NA
1959-08-28,-3.8,22403.0,22353.746294146797,-1484.7341906612032,NA
1959-08-29,-3.795,22401.0,22351.88016203463,-1482.6510789942022,NA
1959-08-30,-3.8,22383.0,22333.790264780953,-1483.408712653203,NA
1959-08-31,-3.79,22381.0,22332.053202238305,-1479.3785088333186,NA
1959-09-01,-3.79,22360.0,22311.099128816786,-1477.9904140794872,NA
1959-09-02,-3.788333333333333,22352.0,22303.15959283649,-1476.812844088774,NA
1959-09-03,-3.79,22363.0,22314.092567877004,-1478.1887133300347,NA
1959-09-04,-3.7616666666666667,22306.0,22257.94362018781,-1463.4144322579432,NA
1959-09-05,-3.7733333333333334,22343.0,22294.564967363876,-1470.381554560372,NA
1959-09-06,-3.788333333333333,22347.0,22298.17051812442,-1476.4824904640227,NA
1959-09-07,-3.7933333333333334,22365.0,22316.002150926823,-1479.6192077117075,NA
1959-09-08,-3.8116666666666665,22375.0,22325.505443888702,-1487.42451065454,NA
1959-09-09,-3.81,22380.0,22330.537651298957,-1487.1073276397133,NA
1959-09-10,-3.8116666666666665,22397.0,22347.45677885029,-1488.8870062627811,NA
1959-09-11,-3.8183333333333334,22395.0,22345.287827282744,-1491.3540545053775,NA
1959-09-12,-3.796666666666667,22391.0,22341.85897078374,-1482.6391096993802,NA
1959-09-13,-3.81,22403.0,22353.48681867965,-1488.6356327574842,NA
1959-09-14,-3.8,22389.0,22339.777073590707,-1483.8063560556031,NA
1959-09-15,-3.8,22395.0,22345.76388240046,-1484.2039994580032,NA
1959-09-16,-3.8016666666666667,22388.0,22338.736102421874,-1484.3898902759959,NA
1959-09-17,-3.805,22401.0,22351.621050167476,-1486.552195420716,NA
1959-09-18,-3.8016666666666667,22397.0,22347.716298282237,-1484.986616603157,NA
1959-09-19,-3.788333333333333,22391.0,22342.074375590633,-1479.3896023618352,NA
1959-09-20,-3.8133333333333335,22371.0,22321.471022943548,-1487.8079082635672,NA
1959-09-21,-3.7783333333333333,22348.0,22299.425699769356,-1472.656599640927,NA
1959-09-22,-3.7866666666666666,22348.0,22299.211274689103,-1475.8999040512529,NA
1959-09-23,-3.785,22366.0,22317.214935564833,-1476.439473802414,NA
1959-09-24,-3.776666666666667,22363.0,22314.43595380641,-1472.9959482197767,NA
1959-09-25,-3.7816666666666667,22361.0,22312.311680446997,-1474.811335252223,NA
1959-09-26,-3.7816666666666667,22370.0,22321.292084057033,-1475.4049268633885,NA
1959-09-27,-3.7866666666666666,22368.0,22319.16761196733,-1477.2207380444972,NA
1959-09-28,-3.785,22377.0,22328.19094219504,-1477.165613219915,NA
1959-09-29,-3.81,22386.0,22336.524390615657,-1487.5060159313057,NA
1959-09-30,-3.8,22373.0,22323.812250098035,-1482.745973649203,NA
1959-10-01,-3.785,22351.0,22302.247653796367,-1475.44928368764,NA
1959-10-02,-3.808333333333333,22372.0,22322.598565501292,-1485.926405808732,NA
1959-10-03,-3.775,22351.0,22302.50482859187,-1471.556784713485,NA
1959-10-04,-3.748333333333333,22334.0,22286.223672615128,-1460.0652088756256,NA
1959-10-05,-3.7933333333333334,22354.0,22305.026250025403,-1478.8914719064392,NA
1959-10-06,-3.7583333333333333,22337.0,22288.962051926494,-1464.151511210749,NA
1959-10-07,-3.805,22365.0,22315.70040565134,-1484.1632003296422,NA
1959-10-08,-3.7933333333333334,22369.0,22319.993387618248,-1479.8838389136233,NA
1959-10-09,-3.795,22379.0,22329.928402579037,-1481.1949688322509,NA
1959-10-10,-3.8033333333333332,22385.0,22335.699520986367,-1484.8407012906855,NA
1959-10-11,-3.8033333333333332,22388.0,22338.6929138192,-1485.0396971407579,NA
1959-10-12,-3.81,22393.0,22343.508919818476,-1487.9711522714967,NA
1959-10-13,-3.8133333333333335,22404.0,22354.397961558592,-1490.0026094826767,NA
1959-10-14,-3.8033333333333332,22398.0,22348.67088992864,-1485.7030166409993,NA
1959-10-15,-3.7983333333333333,22395.0,22345.807046690683,-1483.5539869074564,NA
1959-10-16,-3.81,22399.0,22349.49565913518,-1488.3698405630892,NA
1959-10-17,-3.815,22406.0,22356.350177849166,-1490.7859421739574,NA
1959-10-18,-3.79,22370.0,22321.07725901751,-1478.6514115813118,NA
1959-10-19,-3.8,22372.0,22322.814448629742,-1482.6796997488032,NA
1959-10-20,-3.8,22383.0,22333.790264780953,-1483.408712653203,NA
1959-10-21,-3.8033333333333332,22391.0,22341.68630665203,-1485.2386929908303,NA
1959-10-22,-3.783333333333333,22372.0,22323.244798232477,-1476.1861936038638,NA
1959-10-23,-3.785,22377.0,22328.19094219504,-1477.165613219915,NA
1959-10-24,-3.8033333333333332,22395.0,22345.677497095807,-1485.504020790927,NA
1959-10-25,-3.7983333333333333,22387.0,22337.824619525087,-1483.024027903426,NA
1959-10-26,-3.7983333333333333,22379.0,22329.84219235949,-1482.4940688993956,NA
1959-10-27,-3.8,22390.0,22340.774875059,-1483.8726299560033,NA
1959-10-28,-3.8033333333333332,22413.0,22363.637854092805,-1486.6979958913616,NA
1959-10-29,-3.81,22411.0,22361.46913776858,-1489.167217146274,NA
1959-10-30,-3.79,22400.0,22351.01164961968,-1480.6344040867853,NA
1959-10-31,-3.776666666666667,22357.0,22308.44898355542,-1472.6007429392096,NA
1959-11-01,-3.7783333333333333,22341.0,22292.440914558225,-1472.1953236342379,NA
1959-11-02,-3.7866666666666666,22345.0,22296.217824097366,-1475.701778952266,NA
1959-11-03,-3.7733333333333334,22349.0,22300.551960596844,-1470.77641153246,NA
1959-11-04,-3.78,22349.0,22300.38067703236,-1473.3711886153437,NA
1959-11-05,-3.79,22365.0,22316.08819391715,-1478.3209128303995,NA
1959-11-06,-3.785,22375.0,22326.19530462591,-1477.0335878712785,NA
1959-11-07,-3.79,22378.0,22329.059763178087,-1479.1802095827713,NA
1959-11-08,-3.7983333333333333,22380.0,22330.839995755192,-1482.5603137748994,NA
1959-11-09,-3.8066666666666666,22396.0,22346.58882990935,-1486.870427095381,NA
1959-11-10,NA,NA,NA,NA,NA
1959-11-11,-3.8033333333333332,22391.0,22341.68630665203,-1485.2386929908303,NA
1959-11-12,-3.8,22390.0,22340.774875059,-1483.8726299560033,NA
1959-11-13,-3.81,22393.0,22343.508919818476,-1487.9711522714967,NA
1959-11-14,-3.79,22375.0,22326.06632411787,-1478.981910332224,NA
1959-11-15,-3.8066666666666666,22384.0,22334.615304906718,-1486.0737471022953,NA
1959-11-16,-3.795,22381.0,22331.924017075,-1481.3273424833374,NA
1959-11-17,-3.8066666666666666,22385.0,22335.613098656937,-1486.1401371017191,NA
1959-11-18,-3.7916666666666665,22382.0,22333.00797051052,-1480.0942500778733,NA
1959-11-19,-3.796666666666667,22380.0,22330.883112238847,-1481.9107353433133,NA
1959-11-20,-3.796666666666667,22391.0,22341.85897078374,-1482.6391096993802,NA
1959-11-21,-3.8,22372.0,22322.814448629742,-1482.6796997488032,NA
1959-11-22,-3.8066666666666666,22383.0,22333.6175111565,-1486.0073571028715,NA
1959-11-23,-3.7683333333333335,22345.0,22296.688873358555,-1468.5674259797636,NA
1959-11-24,-3.7983333333333333,22376.0,22326.848782172394,-1482.2953342728842,NA
1959-11-25,-3.8066666666666666,22379.0,22329.626336155623,-1485.7417971051764,NA
1959-11-26,-3.8033333333333332,22392.0,22342.684104262975,-1485.3050249408545,NA
1959-11-27,-3.795,22382.0,22332.92182432298,-1481.3935293088805,NA
1959-11-28,-3.7616666666666667,22350.0,22301.84882593013,-1466.3011100585059,NA
1959-11-29,-3.7716666666666665,22346.0,22297.601231955316,-1469.9303727404147,NA
1959-11-30,-3.7916666666666665,22351.0,22302.075826507044,-1478.0442580417543,NA
1959-12-01,-3.79,22357.0,22308.10568975657,-1477.79211482894,NA
1959-12-02,-3.776666666666667,22357.0,22308.44898355542,-1472.6007429392096,NA
1959-12-03,-3.776666666666667,22360.0,22311.442468680914,-1472.7983455794931,NA
1959-12-04,-3.7916666666666665,22379.0,22330.01453721986,-1479.8958637517974,NA
1959-12-05,-3.7616666666666667,22330.0,22281.891914229076,-1464.9889837855228,NA
1959-12-06,-3.7783333333333333,22345.0,22296.43222039316,-1472.4589099237744,NA
1959-12-07,-3.7733333333333334,22364.0,22315.519443679263,-1471.7635539626801,NA
1959-12-08,-3.7783333333333333,22370.0,22321.37788186149,-1474.1063242333782,NA
1959-12-09,-3.796666666666667,22391.0,22341.85897078374,-1482.6391096993802,NA
1959-12-10,-3.7916666666666665,22392.0,22342.986081479383,-1480.75553783146,NA
1959-12-11,-3.7983333333333333,22396.0,22346.804850086384,-1483.6202317829602,NA
1959-12-12,-3.78,22389.0,22340.293658690658,-1476.0082125333988,NA
1959-12-13,-3.7783333333333333,22376.0,22327.364840613885,-1474.501703667683,NA
1959-12-14,-3.7683333333333335,22354.0,22305.669414860466,-1469.1589277400599,NA
1959-12-15,-3.783333333333333,22370.0,22321.24915682373,-1476.0542263060267,NA
1959-12-16,-3.785,22372.0,22323.20184827222,-1476.8355498483238,NA
1959-12-17,-3.79,22380.0,22331.055389218232,-1479.3124090831363,NA
1959-12-18,-3.7983333333333333,22393.0,22343.811439899284,-1483.4214971564488,NA
1959-12-19,-3.8,22380.0,22330.79686037608,-1483.2098909520032,NA
1959-12-20,-3.783333333333333,22391.0,22342.203391615563,-1477.4398829333145,NA
1959-12-21,-3.7983333333333333,22404.0,22354.78727725198,-1484.1501907869906,NA
1959-12-22,-3.8,22404.0,22354.744095615086,-1484.8004645616031,NA
1959-12-23,-3.7933333333333334,22384.0,22334.96052521109,-1480.8762059208077,NA
1959-12-24,-3.775,22371.0,22322.461434406905,-1472.8735551351338,NA
1959-12-25,-3.785,22385.0,22336.173492471553,-1477.6937146144612,NA
1959-12-26,-3.776666666666667,22382.0,22333.394692934537,-1474.2474316082387,NA
1959-12-27,-3.783333333333333,22373.0,22324.24261893685,-1476.252177252782,NA
1959-12-28,-3.7733333333333334,22368.0,22319.51077250124,-1472.026791944072,NA
1959-12-29,-3.7866666666666666,22379.0,22330.143597470353,-1477.9471967407815,NA
1959-12-30,-3.79,22385.0,22336.044454318595,-1479.6429078340484,NA
1959-12-31,-3.7816666666666667,22400.0,22351.226762757156,-1477.3835655672733,NA
