date,X,Y,Z
1964-01-01,NA,NA,NA
1964-01-02,NA,NA,NA
1964-01-03,NA,NA,NA
1964-01-04,NA,NA,NA
1964-01-05,NA,NA,NA
1964-01-06,NA,NA,NA
1964-01-07,NA,NA,NA
1964-01-08,NA,NA,NA
1964-01-09,NA,NA,NA
1964-01-10,NA,NA,NA
1964-01-11,NA,NA,NA
1964-01-12,NA,NA,NA
1964-01-13,NA,NA,NA
1964-01-14,NA,NA,NA
1964-01-15,NA,NA,NA
1964-01-16,NA,NA,NA
1964-01-17,NA,NA,NA
1964-01-18,NA,NA,NA
1964-01-19,NA,NA,NA
1964-01-20,NA,NA,NA
1964-01-21,NA,NA,NA
1964-01-22,NA,NA,NA
1964-01-23,NA,NA,NA
1964-01-24,NA,NA,NA
1964-01-25,NA,NA,NA
1964-01-26,NA,NA,NA
1964-01-27,NA,NA,NA
1964-01-28,NA,NA,NA
1964-01-29,NA,NA,NA
1964-01-30,NA,NA,NA
1964-01-31,NA,NA,NA
1964-02-01,NA,NA,NA
1964-02-02,NA,NA,NA
1964-02-03,NA,NA,NA
1964-02-04,NA,NA,NA
1964-02-05,NA,NA,NA
1964-02-06,NA,NA,NA
1964-02-07,NA,NA,NA
1964-02-08,NA,NA,NA
1964-02-09,NA,NA,NA
1964-02-10,NA,NA,NA
1964-02-11,NA,NA,NA
1964-02-12,NA,NA,NA
1964-02-13,NA,NA,NA
1964-02-14,NA,NA,NA
1964-02-15,NA,NA,NA
1964-02-16,NA,NA,NA
1964-02-17,NA,NA,NA
1964-02-18,NA,NA,NA
1964-02-19,NA,NA,NA
1964-02-20,NA,NA,NA
1964-02-21,NA,NA,NA
1964-02-22,NA,NA,NA
1964-02-23,NA,NA,NA
1964-02-24,NA,NA,NA
1964-02-25,NA,NA,NA
1964-02-26,NA,NA,NA
1964-02-27,NA,NA,NA
1964-02-28,NA,NA,NA
1964-02-29,NA,NA,NA
1964-03-01,NA,NA,NA
1964-03-02,NA,NA,NA
1964-03-03,NA,NA,NA
1964-03-04,NA,NA,NA
1964-03-05,NA,NA,NA
1964-03-06,NA,NA,NA
1964-03-07,NA,NA,NA
1964-03-08,NA,NA,NA
1964-03-09,NA,NA,NA
1964-03-10,NA,NA,NA
1964-03-11,NA,NA,NA
1964-03-12,NA,NA,NA
1964-03-13,NA,NA,NA
1964-03-14,NA,NA,NA
1964-03-15,NA,NA,NA
1964-03-16,NA,NA,NA
1964-03-17,NA,NA,NA
1964-03-18,NA,NA,NA
1964-03-19,NA,NA,NA
1964-03-20,NA,NA,NA
1964-03-21,NA,NA,NA
1964-03-22,NA,NA,NA
1964-03-23,NA,NA,NA
1964-03-24,NA,NA,NA
1964-03-25,NA,NA,NA
1964-03-26,NA,NA,NA
1964-03-27,NA,NA,NA
1964-03-28,NA,NA,NA
1964-03-29,NA,NA,NA
1964-03-30,NA,NA,NA
1964-03-31,NA,NA,NA
1964-04-01,NA,NA,NA
1964-04-02,NA,NA,NA
1964-04-03,NA,NA,NA
1964-04-04,NA,NA,NA
1964-04-05,NA,NA,NA
1964-04-06,NA,NA,NA
1964-04-07,NA,NA,NA
1964-04-08,NA,NA,NA
1964-04-09,NA,NA,NA
1964-04-10,NA,NA,NA
1964-04-11,NA,NA,NA
1964-04-12,NA,NA,NA
1964-04-13,NA,NA,NA
1964-04-14,NA,NA,NA
1964-04-15,NA,NA,NA
1964-04-16,NA,NA,NA
1964-04-17,NA,NA,NA
1964-04-18,NA,NA,NA
1964-04-19,NA,NA,NA
1964-04-20,NA,NA,NA
1964-04-21,NA,NA,NA
1964-04-22,NA,NA,NA
1964-04-23,NA,NA,NA
1964-04-24,NA,NA,NA
1964-04-25,NA,NA,NA
1964-04-26,NA,NA,NA
1964-04-27,NA,NA,NA
1964-04-28,NA,NA,NA
1964-04-29,NA,NA,NA
1964-04-30,NA,NA,NA
1964-05-01,NA,NA,NA
1964-05-02,NA,NA,NA
1964-05-03,NA,NA,NA
1964-05-04,NA,NA,NA
1964-05-05,NA,NA,NA
1964-05-06,NA,NA,NA
1964-05-07,NA,NA,NA
1964-05-08,NA,NA,NA
1964-05-09,NA,NA,NA
1964-05-10,NA,NA,NA
1964-05-11,NA,NA,NA
1964-05-12,NA,NA,NA
1964-05-13,NA,NA,NA
1964-05-14,NA,NA,NA
1964-05-15,NA,NA,NA
1964-05-16,NA,NA,NA
1964-05-17,NA,NA,NA
1964-05-18,NA,NA,NA
1964-05-19,NA,NA,NA
1964-05-20,NA,NA,NA
1964-05-21,NA,NA,NA
1964-05-22,NA,NA,NA
1964-05-23,NA,NA,NA
1964-05-24,NA,NA,NA
1964-05-25,NA,NA,NA
1964-05-26,NA,NA,NA
1964-05-27,NA,NA,NA
1964-05-28,NA,NA,NA
1964-05-29,NA,NA,NA
1964-05-30,NA,NA,NA
1964-05-31,NA,NA,NA
1964-06-01,NA,NA,NA
1964-06-02,NA,NA,NA
1964-06-03,NA,NA,NA
1964-06-04,NA,NA,NA
1964-06-05,NA,NA,NA
1964-06-06,NA,NA,NA
1964-06-07,NA,NA,NA
1964-06-08,NA,NA,NA
1964-06-09,NA,NA,NA
1964-06-10,NA,NA,NA
1964-06-11,NA,NA,NA
1964-06-12,NA,NA,NA
1964-06-13,NA,NA,NA
1964-06-14,NA,NA,NA
1964-06-15,NA,NA,NA
1964-06-16,NA,NA,NA
1964-06-17,NA,NA,NA
1964-06-18,NA,NA,NA
1964-06-19,NA,NA,NA
1964-06-20,NA,NA,NA
1964-06-21,NA,NA,NA
1964-06-22,NA,NA,NA
1964-06-23,NA,NA,NA
1964-06-24,NA,NA,NA
1964-06-25,NA,NA,NA
1964-06-26,NA,NA,NA
1964-06-27,NA,NA,NA
1964-06-28,NA,NA,NA
1964-06-29,NA,NA,NA
1964-06-30,NA,NA,NA
1964-07-01,NA,NA,NA
1964-07-02,NA,NA,NA
1964-07-03,NA,NA,NA
1964-07-04,NA,NA,NA
1964-07-05,NA,NA,NA
1964-07-06,NA,NA,NA
1964-07-07,NA,NA,NA
1964-07-08,NA,NA,NA
1964-07-09,NA,NA,NA
1964-07-10,NA,NA,NA
1964-07-11,NA,NA,NA
1964-07-12,NA,NA,NA
1964-07-13,NA,NA,NA
1964-07-14,NA,NA,NA
1964-07-15,NA,NA,NA
1964-07-16,NA,NA,NA
1964-07-17,NA,NA,NA
1964-07-18,NA,NA,NA
1964-07-19,NA,NA,NA
1964-07-20,NA,NA,NA
1964-07-21,NA,NA,NA
1964-07-22,NA,NA,NA
1964-07-23,NA,NA,NA
1964-07-24,NA,NA,NA
1964-07-25,NA,NA,NA
1964-07-26,NA,NA,NA
1964-07-27,NA,NA,NA
1964-07-28,NA,NA,NA
1964-07-29,NA,NA,NA
1964-07-30,NA,NA,NA
1964-07-31,NA,NA,NA
1964-08-01,NA,NA,NA
1964-08-02,NA,NA,NA
1964-08-03,NA,NA,NA
1964-08-04,NA,NA,NA
1964-08-05,NA,NA,NA
1964-08-06,NA,NA,NA
1964-08-07,NA,NA,NA
1964-08-08,NA,NA,NA
1964-08-09,NA,NA,NA
1964-08-10,NA,NA,NA
1964-08-11,NA,NA,NA
1964-08-12,NA,NA,NA
1964-08-13,NA,NA,NA
1964-08-14,NA,NA,NA
1964-08-15,NA,NA,NA
1964-08-16,NA,NA,NA
1964-08-17,NA,NA,NA
1964-08-18,NA,NA,NA
1964-08-19,NA,NA,NA
1964-08-20,NA,NA,NA
1964-08-21,NA,NA,NA
1964-08-22,NA,NA,NA
1964-08-23,NA,NA,NA
1964-08-24,NA,NA,NA
1964-08-25,NA,NA,NA
1964-08-26,NA,NA,NA
1964-08-27,NA,NA,NA
1964-08-28,NA,NA,NA
1964-08-29,NA,NA,NA
1964-08-30,NA,NA,NA
1964-08-31,NA,NA,NA
1964-09-01,30887.624430587424,-1324.2783072219693,-15689.0
1964-09-02,30891.62075927556,-1324.4496461153865,-15682.0
1964-09-03,30901.72708074699,-1322.1813139762871,-15689.0
1964-09-04,30899.65194022542,-1323.8934900223317,-15686.0
1964-09-05,30897.653773390175,-1323.807878699904,-15686.0
1964-09-06,30910.641857819268,-1324.364352295684,-15688.0
1964-09-07,30891.58221952745,-1325.3482463774567,-15684.0
1964-09-08,30879.016489424805,-1314.9105086776876,-15682.0
1964-09-09,30877.749018996656,-1321.1553730925034,-15681.0
1964-09-10,30884.588653048253,-1325.048199879247,-15684.0
1964-09-11,30890.621677103525,-1324.4068113920323,-15679.0
1964-09-12,30894.733479403145,-1321.8820812185168,-15676.0
1964-09-13,30888.77739542737,-1320.7270784440273,-15678.0
1964-09-14,30893.849628104887,-1319.1433417349074,-15671.0
1964-09-15,30904.685860964804,-1323.2085380174033,-15679.0
1964-09-16,30891.54365364012,-1326.2468455180706,-15679.0
1964-09-17,30894.65652313731,-1323.6794617162623,-15686.0
1964-09-18,30898.49861062499,-1327.4458969033751,-15678.0
1964-09-19,30918.78845249807,-1321.1092421416413,-15685.0
1964-09-20,NA,NA,NA
1964-09-21,30930.353041248567,-1331.5185855727254,-15690.0
1964-09-22,30883.70508305512,-1322.3102294376222,-15682.0
1964-09-23,30877.940846662143,-1316.6643725846022,-15675.0
1964-09-24,30873.098353180274,-1312.859122243357,-15670.0
1964-09-25,30879.97732051618,-1315.8513154632344,-15665.0
1964-09-26,NA,NA,NA
1964-09-27,30905.800303408254,-1320.55427978187,-15674.0
1964-09-28,30868.83403292186,-1318.9747715271365,-15679.0
1964-09-29,30875.78926248625,-1320.1717382745487,-15678.0
1964-09-30,30867.44635197521,-1304.5231726313998,-15665.0
1964-10-01,30865.68310402626,-1322.4380975410604,-15664.0
1964-10-02,30870.640033662858,-1323.550116924946,-15672.0
1964-10-03,30876.788349635568,-1320.2144567491239,-15677.0
1964-10-04,30891.774656875317,-1320.8552338677532,-15688.0
1964-10-05,30885.971880627578,-1316.1067544399646,-15686.0
1964-10-06,30886.779221128734,-1320.6416414948767,-15681.0
1964-10-07,30882.821270403198,-1319.5724232991977,-15676.0
1964-10-08,30876.673021620107,-1322.9089598144128,-15673.0
1964-10-09,30875.78926248625,-1320.1717382745487,-15684.0
1964-10-10,30881.74536262171,-1321.3263632398007,-15683.0
1964-10-11,30887.66293921395,-1323.3798220877652,-15683.0
1964-10-12,30875.78926248625,-1320.1717382745487,-15680.0
1964-10-13,30880.05382138377,-1314.054788980127,-15688.0
1964-10-14,30887.85509030757,-1318.8873796350947,-15685.0
1964-10-15,30893.811242709966,-1320.0420068343888,-15685.0
1964-10-16,30893.964627442776,-1316.4473397422717,-15679.0
1964-10-17,30890.967347387075,-1316.3196202539066,-15678.0
1964-10-18,30891.889805611878,-1318.159412943998,-15672.0
1964-10-19,30859.110994294006,-1312.2643185893844,-15667.0
1964-10-20,30862.954464966035,-1316.0253392063337,-15664.0
1964-10-21,NA,NA,NA
1964-10-22,NA,NA,NA
1964-10-23,30889.96825403518,-1316.2770470911182,-15672.0
1964-10-24,30897.076682699586,-1313.8787856501672,-15661.0
1964-10-25,30894.61800579166,-1324.5781502854495,-15669.0
1964-10-26,30874.559299108692,-1325.5176671101208,-15667.0
1964-10-27,30874.059246421682,-1313.7996987531992,-15668.0
1964-10-28,30892.081197383064,-1313.6663557737484,-15674.0
1964-10-29,30885.933583566733,-1317.0051903863455,-15676.0
1964-10-30,NA,NA,NA
1964-10-31,NA,NA,NA
1964-11-01,30886.702337042218,-1322.4385592347337,-15671.0
1964-11-02,30880.784698232834,-1320.385330647425,-15681.0
1964-11-03,30883.820358794725,-1319.6151127114879,-15683.0
1964-11-04,30893.580381378644,-1325.4339739483737,-15682.0
1964-11-05,30888.62351275946,-1324.3211419453237,-15683.0
1964-11-06,30882.397456572708,-1329.4541489918445,-15672.0
1964-11-07,30881.47567163575,-1327.6145307163551,-15674.0
1964-11-08,NA,NA,NA
1964-11-09,NA,NA,NA
1964-11-10,NA,NA,NA
1964-11-11,NA,NA,NA
1964-11-12,NA,NA,NA
1964-11-13,NA,NA,NA
1964-11-14,NA,NA,NA
1964-11-15,30883.551016213565,-1325.903702737859,-15674.0
1964-11-16,30868.564821038774,-1325.260310024962,-15674.0
1964-11-17,30871.600601015463,-1324.4909706682863,-15669.0
1964-11-18,30878.362477536444,-1330.1803283275124,-15668.0
1964-11-19,30883.357844682647,-1330.3955191141185,-15671.0
1964-11-20,NA,NA,NA
1964-11-21,NA,NA,NA
1964-11-22,NA,NA,NA
1964-11-23,NA,NA,NA
1964-11-24,30870.601520089862,-1324.4481068828277,-15671.0
1964-11-25,30898.7298230282,-1322.053071365814,-15674.0
1964-11-26,30874.63636235099,-1323.7214558183632,-15675.0
1964-11-27,30880.592329345855,-1324.876744737413,-15675.0
1964-11-28,30878.70965974329,-1322.0963464424362,-15672.0
1964-11-29,30894.50229690421,-1327.2742092651426,-15676.0
1964-11-30,30888.198179151077,-1334.2047239791134,-15679.0
1964-12-01,30877.78743678488,-1320.2571752236993,-15690.0
1964-12-02,30894.037108612352,-1338.0583439008892,-15700.0
1964-12-03,30907.21930024844,-1334.125603663505,-15704.0
1964-12-04,30908.90611746141,-1341.4047196713225,-15706.0
1964-12-05,30907.9850427892,-1339.5632104231315,-15705.0
1964-12-06,30885.162154163612,-1334.9736742796194,-15688.0
1964-12-07,30892.38820338018,-1329.8842399461948,-15680.0
1964-12-08,30875.519806730517,-1326.4586929835389,-15683.0
1964-12-09,30890.46736626677,-1328.0010894603358,-15683.0
1964-12-10,30877.285967602173,-1331.9336601039497,-15686.0
1964-12-11,30875.171482573343,-1334.5418396175635,-15680.0
1964-12-12,NA,NA,NA
1964-12-13,30887.39282997644,-1329.6691944690197,-15680.0
1964-12-14,30864.41411231926,-1328.6799852740141,-15684.0
1964-12-15,30863.376376097836,-1329.5347559676939,-15680.0
1964-12-16,NA,NA,NA
1964-12-17,30852.771871340054,-1320.0866846718952,-15674.0
1964-12-18,30858.76638677764,-1320.3431698928412,-15676.0
1964-12-19,30866.835856138812,-1318.8893927025563,-15679.0
1964-12-20,30872.638198006924,-1323.6357863716546,-15682.0
1964-12-21,30876.55745846533,-1325.6034528051737,-15681.0
1964-12-22,30878.70965974329,-1322.0963464424362,-15673.0
1964-12-23,30882.78287253147,-1320.4707675965756,-15680.0
1964-12-24,30884.972787275678,-1316.0641812771762,-15677.0
1964-12-25,30878.67118845535,-1322.9945711368405,-15676.0
1964-12-26,30867.681270861503,-1322.523708863488,-15666.0
1964-12-27,30872.907079017226,-1317.3494184793815,-15665.0
1964-12-28,30872.676687949617,-1322.7377371695572,-15668.0
1964-12-29,30870.678521114372,-1322.6521258471296,-15672.0
1964-12-30,30865.52902242857,-1326.029473887958,-15672.0
1964-12-31,30871.677604531993,-1322.6949315083434,-15670.0
1965-01-01,30868.865742081467,-1341.466286325921,-15658.0
1965-01-02,30878.54320238802,-1349.0862456702844,-15668.0
1965-01-03,30884.889684217538,-1341.2625372063073,-15670.0
1965-01-04,30890.76684671089,-1344.218591653646,-15672.0
1965-01-05,30886.848769570544,-1342.2477735792663,-15673.0
1965-01-06,30881.61878525788,-1347.42057354318,-15668.0
1965-01-07,30885.00661385349,-1338.5673170320551,-15671.0
1965-01-08,NA,NA,NA
1965-01-09,NA,NA,NA
1965-01-10,30868.631141887938,-1346.8538993024222,-15667.0
1965-01-11,30874.625438827912,-1347.115441259695,-15666.0
1965-01-12,30873.626389337915,-1347.0718509334827,-15665.0
1965-01-13,30855.538238126628,-1325.6002547923767,-15661.0
1965-01-14,30867.52717928896,-1326.1153177070742,-15667.0
1965-01-15,30852.95877947648,-1338.9766808743223,-14590.0
1965-01-16,30859.18640802891,-1333.850904158274,NA
1965-01-17,30871.56206007373,-1325.3889885675412,-15665.0
1965-01-18,30873.48305418596,-1327.2709229439276,-15665.0
1965-01-19,30874.44350830931,-1328.2119756338625,-15669.0
1965-01-20,30885.510591032464,-1326.8879120791198,-15675.0
1965-01-21,30894.65652313731,-1323.6794617162623,-15685.0
1965-01-22,30870.716982444363,-1321.7541336501388,-15673.0
1965-01-23,30868.449052720858,-1327.954095432788,-15674.0
1965-01-24,30872.59968194106,-1324.5338344537447,-15666.0
1965-01-25,30873.36711039024,-1329.9651375409062,-15664.0
1965-01-26,30877.363404107204,-1330.1372901701911,-15667.0
1965-01-27,30863.33768844182,-1330.4325346318099,-15659.0
1965-01-28,30867.681270861503,-1322.523708863488,-15660.0
1965-01-29,30865.64462280269,-1323.3359433081744,-15664.0
1965-01-30,30869.717897781997,-1321.7113570511015,-15663.0
1965-01-31,30874.559299108692,-1325.5176671101206,-15666.0
1965-02-01,30874.366183819482,-1330.0081756982274,-15686.0
1965-02-02,30878.285038525864,-1331.9767563849339,-15693.0
1965-02-03,30872.483977004737,-1327.2279719723742,-15684.0
1965-02-04,30862.26116511425,-1332.1849632392466,-15676.0
1965-02-05,30868.37174324404,-1329.7499467543,-15681.0
1965-02-06,30872.56113975205,-1325.4318814150677,-15684.0
1965-02-07,30813.998951425412,-1313.937830170656,-15685.0
1965-02-08,30861.84041418119,-1318.6759456411057,-15693.0
1965-02-09,30862.60887268507,-1324.1051965991596,-15691.0
1965-02-10,30852.61806342908,-1323.6765587445743,-15687.0
1965-02-11,30860.726135820703,-1321.326367659767,-15679.0
1965-02-12,30859.534551847406,-1325.7719424306092,-15689.0
1965-02-13,30864.452748995227,-1327.7821752987384,-15684.0
1965-02-14,30864.491359554944,-1326.884364199947,-15684.0
1965-02-15,30864.375449527077,-1329.577794125015,-15688.0
1965-02-16,30868.48766827984,-1327.0561680861606,-15679.0
1965-02-17,30875.55837878701,-1325.560559957647,-15689.0
1965-02-18,30867.44997678945,-1327.9111153992756,-15682.0
1965-02-19,30861.60979175947,-1324.062332813701,-15673.0
1965-02-20,30867.488591098616,-1327.0132171146072,-15675.0
1965-02-21,30851.426141469547,-1328.120867033359,-15680.0
1965-02-22,30859.457369338183,-1327.5672751311763,-15679.0
1965-02-23,30857.497819286375,-1326.5837073990729,-15682.0
1965-02-24,30850.696852761925,-1321.7960126228525,-15685.0
1965-02-25,NA,NA,NA
1965-02-26,NA,NA,NA
1965-02-27,NA,NA,NA
1965-02-28,30860.726135820703,-1321.326367659767,-15682.0
1965-03-01,NA,NA,-15674.0
1965-03-02,30856.92162504278,-1316.6673178775993,-15669.0
1965-03-03,30837.092700822122,-1312.226642353812,-15665.0
1965-03-04,30822.524363870016,-1301.726483804978,-15675.0
1965-03-05,30856.95991228759,-1315.7697258550259,-15672.0
1965-03-06,30861.03278680696,-1314.1447148718769,-15675.0
1965-03-07,30869.14013644732,-1311.791232009607,-15676.0
1965-03-08,30875.134726239812,-1312.0459734858687,-15678.0
1965-03-09,30879.016489424805,-1314.9105086776876,-15679.0
1965-03-10,30877.940846662143,-1316.664372584602,-15678.0
1965-03-11,30870.755417652806,-1320.856140334733,-15677.0
1965-03-12,30873.021921885524,-1314.6552440757507,-15676.0
1965-03-13,30865.02916516648,-1314.314891273168,-15674.0
1965-03-14,30850.233486552243,-1309.189759053526,-15670.0
1965-03-15,30855.11460604079,-1312.0943746882494,-15671.0
1965-03-16,30865.02916516648,-1314.314891273168,-15677.0
1965-03-17,30877.209207263975,-1310.3345263148265,-15674.0
1965-03-18,30871.138333044815,-1311.8761458350275,-15668.0
1965-03-19,30871.984573700982,-1315.5107301609273,-15667.0
1965-03-20,30873.136529642314,-1311.961059660448,-15671.0
1965-03-21,30858.07371318944,-1313.1194581480588,-15669.0
1965-03-22,30858.15005516108,-1311.3242059697939,-15666.0
1965-03-23,30841.469540026632,-1303.4253379497875,-15668.0
1965-03-24,30852.34582636884,-1306.58218652378,-15675.0
1965-03-25,30860.224494223254,-1309.6137469280816,-15678.0
1965-03-26,30860.37666580029,-1306.0229879021886,-15677.0
1965-03-27,30865.296148397603,-1308.0300729386681,-15676.0
1965-03-28,30864.18278418063,-1310.6811453165024,-15666.0
1965-03-29,30864.18278418063,-1310.6811453165024,-15670.0
1965-03-30,30875.980947108583,-1315.681022812081,-15671.0
1965-03-31,30873.060150594665,-1313.757183715378,-15670.0
1965-04-01,30864.25898428664,-1308.8855377310203,-15656.0
1965-04-02,30854.99998671869,-1314.786986393525,-15649.0
1965-04-03,30857.997266774386,-1314.91470588189,-15654.0
1965-04-04,30861.84041418119,-1318.6759456411057,-15656.0
1965-04-05,30853.00180001489,-1314.701840067948,-15659.0
1965-04-06,30870.870566548507,-1318.1621536856253,-15663.0
1965-04-07,30855.999080070585,-1314.8295595563134,-15662.0
1965-04-08,30866.797478142398,-1319.787272003371,-15661.0
1965-04-09,30857.920715916185,-1316.709949165211,-15661.0
1965-04-10,30865.913442903406,-1317.050999466102,-15666.0
1965-04-11,30871.9462939837,-1316.4087592332946,-15667.0
1965-04-12,30865.143743252323,-1311.6214043587659,-15670.0
1965-04-13,30874.135627941065,-1312.0035165731583,-15670.0
1965-04-14,30874.905260764033,-1317.4346810546044,-15666.0
1965-04-15,30871.984573700982,-1315.5107301609273,-15670.0
1965-04-16,30879.86237324448,-1318.5460968353443,-15669.0
1965-04-17,30881.822182011674,-1319.5297338869077,-15664.0
1965-04-18,30771.68307760685,-1296.8891900714498,-15667.0
1965-04-19,30813.304782286166,-1306.7246817675255,-15668.0
1965-04-20,30826.3311223468,-1306.3787871184302,-15672.0
1965-04-21,30844.20079351367,-1309.8325883144846,-15671.0
1965-04-22,30853.04003008792,-1313.8043620692943,-15672.0
1965-04-23,30857.112800167397,-1312.179346638817,-15669.0
1965-04-24,30865.143743252323,-1311.6214043587659,-15673.0
1965-04-25,30875.980947108583,-1315.681022812081,-15677.0
1965-04-26,30874.021016475403,-1314.6977881760736,-15674.0
1965-04-27,30866.14284155107,-1311.6638612714762,-15674.0
1965-04-28,NA,NA,NA
1965-04-29,NA,NA,NA
1965-04-30,30892.119397318544,-1312.7677410019435,-15680.0
1965-05-01,30872.676687949617,-1322.7377371695572,-15678.0
1965-05-02,30864.76090221522,-1320.599655113787,-15673.0
1965-05-03,30857.69043668528,-1322.0956522513495,-15669.0
1965-05-04,30863.684937191014,-1322.3524862186325,-15671.0
1965-05-05,30834.019026328795,-1313.892949974969,-15669.0
1965-05-06,30835.864116001565,-1317.5660209215632,-15664.0
1965-05-07,30843.933443688547,-1316.1131111386514,-15665.0
1965-05-08,30854.88513242233,-1317.4795880861245,-15670.0
1965-05-09,30841.935261941744,-1316.0278485634287,-15673.0
1965-05-10,NA,NA,NA
1965-05-11,NA,NA,NA
1965-05-12,30856.151858563582,-1311.2392921443732,-15679.0
1965-05-13,30861.917079409795,-1316.8804743156563,-15670.0
1965-05-14,30860.610710833873,-1324.0194690282426,-15669.0
1965-05-15,30868.680354279128,-1322.566514524702,-15666.0
1965-05-16,NA,NA,NA
1965-05-17,NA,NA,NA
1965-05-18,30868.83403292186,-1318.9747715271365,-15677.0
1965-05-19,30877.90253338424,-1317.5625749174385,-15677.0
1965-05-20,30883.820358794725,-1319.6151127114879,-15679.0
1965-05-21,30875.980947108583,-1315.681022812081,-15677.0
1965-05-22,30866.10467373714,-1312.5617204163707,-15677.0
1965-05-23,30872.945386096773,-1316.4513614585123,-15678.0
1965-05-24,30879.900715131047,-1317.6478374926612,-15678.0
1965-05-25,30879.93903088829,-1316.7495770350379,-15676.0
1965-05-26,30886.932675679807,-1317.0477926115632,-15677.0
1965-05-27,30883.935399340586,-1316.9199859359094,-15675.0
1965-05-28,30883.897078624657,-1317.8183626431069,-15679.0
1965-05-29,30894.925412584398,-1317.3886104133064,-15680.0
1965-05-30,NA,NA,NA
1965-05-31,NA,NA,NA
1965-06-01,NA,NA,NA
1965-06-02,NA,NA,NA
1965-06-03,NA,NA,NA
1965-06-04,NA,NA,NA
1965-06-05,NA,NA,NA
1965-06-06,NA,NA,NA
1965-06-07,NA,NA,NA
1965-06-08,30856.652883254388,-1322.9504307979855,-15670.0
1965-06-09,NA,NA,NA
1965-06-10,NA,NA,NA
1965-06-11,30876.788349635568,-1320.2144567491239,-15675.0
1965-06-12,30873.675771367238,-1322.7805428307713,-15682.0
1965-06-13,30878.939938775216,-1316.70697480982,-15672.0
1965-06-14,NA,NA,NA
1965-06-15,NA,NA,NA
1965-06-16,NA,NA,NA
1965-06-17,30824.71159731463,-1297.3276156688912,-15673.0
1965-06-18,30837.359259419503,-1305.9475125342121,-15664.0
1965-06-19,30839.205295846932,-1309.6204490639802,-15659.0
1965-06-20,30847.31229022031,-1307.2679410216354,-15663.0
1965-06-21,30866.257188286658,-1308.9702771805692,-15669.0
1965-06-22,30858.264372286583,-1308.631319382374,-15662.0
1965-06-23,30856.228091154848,-1309.4441517782593,-15662.0
1965-06-24,30866.295251629675,-1308.0724136007254,-15667.0
1965-06-25,NA,NA,NA
1965-06-26,NA,NA,NA
1965-06-27,30854.533755932345,-1302.1792134846128,-15664.0
1965-06-28,30858.340453148576,-1306.8360561196073,-15664.0
1965-06-29,30875.287180718322,-1308.453479559242,-15669.0
1965-06-30,30872.36593412422,-1306.530378340379,-15679.0
1965-07-01,30858.18818698054,-1310.426578215897,-15654.0
1965-07-02,30850.157268771087,-1310.9845506681115,-15661.0
1965-07-03,30850.119120724263,-1311.8819448118306,-15663.0
1965-07-04,30855.267066286557,-1308.5042102080506,-15666.0
1965-07-05,30864.18278418063,-1310.6811453165024,-15666.0
1965-07-06,30843.201693980325,-1309.7901604643837,-15662.0
1965-07-07,30843.35388619924,-1306.2013821300393,-15665.0
1965-07-08,30862.0700964975,-1313.2895182993439,-15666.0
1965-07-09,30859.149153459828,-1311.3666628825042,-15669.0
1965-07-10,30855.34313975871,-1306.7091213216936,-15669.0
1965-07-11,NA,NA,NA
1965-07-12,NA,NA,NA
1965-07-13,30860.224494223254,-1309.6137469280816,-15655.0
1965-07-14,30853.116411914176,-1312.009402737682,-15652.0
1965-07-15,30839.281434286408,-1307.8262946116602,-15655.0
1965-07-16,30853.34493083213,-1306.6244981230845,-15661.0
1965-07-17,30880.168376714195,-1311.3599909181164,-15670.0
1965-07-18,30905.069459206024,-1314.2186734524373,-15677.0
1965-07-19,30871.214602661366,-1310.080133590093,-15676.0
1965-07-20,30878.1701776475,-1311.2751352179146,-15680.0
1965-07-21,30880.05382138377,-1314.054788980127,-15677.0
1965-07-22,30878.939938775216,-1316.70697480982,-15668.0
1965-07-23,NA,NA,NA
1965-07-24,30878.208308031077,-1310.3769251022823,-15669.0
1965-07-25,30875.096547306883,-1312.9440941939245,-15673.0
1965-07-26,30873.060150594665,-1313.757183715378,-15668.0
1965-07-27,30894.041162961985,-1314.6499995096249,-15667.0
1965-07-28,30870.4057126445,-1305.5478301179712,-15673.0
1965-07-29,30866.56096373036,-1301.787337592903,-15672.0
1965-07-30,30869.368617043237,-1306.4035307308313,-15670.0
1965-07-31,30881.395888799565,-1306.012618328577,-15676.0
1965-08-01,30884.202912633686,-1310.6313178270157,-15670.0
1965-08-02,30870.329706708046,-1307.3437953112616,-15666.0
1965-08-03,30861.26167828661,-1308.758428556697,-15667.0
1965-08-04,NA,NA,NA
1965-08-05,NA,NA,NA
1965-08-06,30875.47716099433,-1303.9628372455506,-15670.0
1965-08-07,30881.129316032308,-1312.3007149621303,-15670.0
1965-08-08,30872.403926490875,-1305.632337065354,-15664.0
1965-08-09,30861.223594990355,-1309.6561457155371,-15664.0
1965-08-10,30873.250902286723,-1309.26686525399,-15668.0
1965-08-11,NA,NA,NA
1965-08-12,NA,NA,NA
1965-08-13,30894.27014212769,-1309.2579521383323,-15675.0
1965-08-14,30884.431190556974,-1305.2409876155311,-15674.0
1965-08-15,30880.4347579495,-1305.072089972206,-15673.0
1965-08-16,30897.4955120202,-1303.9923637397724,-15672.0
1965-08-17,30882.35699106083,-1306.9532037055376,-15672.0
1965-08-18,NA,NA,-15672.0
1965-08-19,30855.41910879669,-1304.9140280125998,-15664.0
1965-08-20,30852.421788027128,-1304.7872675915255,-15665.0
1965-08-21,30849.576062572094,-1301.0710048182839,-15659.0
1965-08-22,30850.53731350557,-1302.010548344598,-15656.0
1965-08-23,30850.499426501727,-1302.9079535471674,-15649.0
1965-08-24,30849.500317122023,-1302.865758199232,-15649.0
1965-08-25,30848.46329708971,-1303.720908825606,-15650.0
1965-08-26,30853.534645325653,-1302.137047199609,-15651.0
1965-08-27,30844.314980524094,-1307.1409190354632,-15643.0
1965-08-28,30850.38560886368,-1305.6001625370297,-15640.0
1965-08-29,30847.388291782696,-1305.4733149274823,-15646.0
1965-08-30,NA,NA,NA
1965-08-31,NA,NA,NA
1965-09-01,30860.300632237246,-1307.8183696283813,-15658.0
1965-09-02,30857.22719192195,-1309.4865505657149,-15658.0
1965-09-03,30882.35699106083,-1306.9532037055376,-15672.0
1965-09-04,30870.443676430816,-1304.6498458638935,-15667.0
1965-09-05,30865.25808628665,-1308.9279074557946,-15664.0
1965-09-06,30871.176480914062,-1310.9781402672083,-15665.0
1965-09-07,30872.099256116966,-1312.8166362680734,-15659.0
1965-09-08,30860.300632237246,-1307.8183696283813,-15652.0
1965-09-09,30871.290767790037,-1308.2841169110125,-15658.0
1965-09-10,NA,NA,NA
1965-09-11,NA,NA,NA
1965-09-12,30866.180983247323,-1310.766001016704,-15654.0
1965-09-13,30857.22719192195,-1309.4865505657149,-15659.0
1965-09-14,NA,NA,-15657.0
1965-09-15,NA,NA,-15657.0
1965-09-16,NA,NA,NA
1965-09-17,NA,NA,NA
1965-09-18,30846.427146488004,-1304.5337467493769,-15663.0
1965-09-19,NA,NA,NA
1965-09-20,30851.460621545317,-1303.8475820580998,-15660.0
1965-09-21,30867.597931188142,-1300.9315733386618,-15670.0
1965-09-22,30866.295251629675,-1308.0724136007254,-15664.0
1965-09-23,30871.36682843056,-1306.4880958038632,-15661.0
1965-09-24,30856.189987913847,-1310.3417225156952,-15654.0
1965-09-25,30851.232587319344,-1309.2321578409815,-15651.0
1965-09-26,30849.424467257566,-1304.6605071704512,-15664.0
1965-09-27,30845.50387960321,-1302.6969768074907,-15658.0
1965-09-28,30838.510113945278,-1302.4016093719433,-15675.0
1965-09-29,30844.618330850957,-1299.9630856808922,-15672.0
1965-09-30,30878.360568286185,-1306.784073559474,-15676.0
1965-10-01,NA,NA,NA
1965-10-02,NA,NA,NA
1965-10-03,30847.31229022031,-1307.2679410216354,-15671.0
1965-10-04,30848.120926597654,-1311.7969728612632,-15662.0
1965-10-05,30859.18728651389,-1310.4690060659977,-15665.0
1965-10-06,30856.49408277995,-1303.1611256347794,-15662.0
1965-10-07,30869.178281847366,-1310.8932845670067,-15664.0
1965-10-08,30864.373088574932,-1306.192118048252,-15662.0
1965-10-09,30857.15095686233,-1311.2817490570835,-15662.0
1965-10-10,30852.34582636884,-1306.58218652378,-15658.0
1965-10-11,30852.34582636884,-1306.58218652378,-15653.0
1965-10-12,30848.23528501804,-1309.1049614786145,-15655.0
1965-10-13,30851.38471455734,-1305.6424450735458,-15661.0
1965-10-14,30860.2625762866,-1308.7160588319227,-15671.0
1965-10-15,30862.29883870139,-1307.903050952496,-15666.0
1965-10-16,30867.218199592964,-1309.9105384402708,-15665.0
1965-10-17,30868.369511349578,-1306.3612481943155,-15663.0
1965-10-18,30849.2724542865,-1308.2499918594042,-15656.0
1965-10-19,NA,NA,NA
1965-10-20,NA,NA,NA
1965-10-21,30871.328811171334,-1307.386106910566,-15668.0
1965-10-22,30887.31448258396,-1308.0630924994384,-15681.0
1965-10-23,30864.411071105376,-1305.2943092758226,-15679.0
1965-10-24,30852.459729697184,-1303.889806468931,-15665.0
1965-10-25,NA,NA,NA
1965-10-26,NA,NA,NA
1965-10-27,30857.56895723481,-1301.4081025945752,-15650.0
1965-10-28,30847.42625341119,-1304.5760002230681,-15658.0
1965-10-29,30852.64904645529,-1299.402484321666,-15660.0
1965-10-30,NA,NA,NA
1965-10-31,NA,NA,NA
1965-11-01,NA,NA,NA
1965-11-02,30841.431611872067,-1304.3224793809197,-15651.0
1965-11-03,30852.573398070614,-1301.1974164843932,-15649.0
1965-11-04,30875.363251205203,-1306.6572259499267,-15654.0
1965-11-05,30862.488739058175,-1303.4142977223914,-15656.0
1965-11-06,30835.550654405157,-1301.3780540695423,-15652.0
1965-11-07,30839.622765560267,-1299.752544885725,-15650.0
1965-11-08,30853.49675464084,-1303.0345395909733,-15653.0
1965-11-09,30856.342244221996,-1306.7514329209982,-15655.0
1965-11-10,30873.403033414063,-1305.6745905390455,-15656.0
1965-11-11,30881.50974231309,-1303.317703179713,-15661.0
1965-11-12,30881.623360650476,-1300.6227781055175,-15662.0
1965-11-13,30874.66737262468,-1299.4301173149254,-15659.0
1965-11-14,30874.591722595113,-1301.226330451896,-15664.0
1965-11-15,30876.58994871139,-1301.310546769963,-15668.0
1965-11-16,30885.695442470744,-1298.9942397646919,-15669.0
1965-11-17,30888.54142405282,-1302.7143564777039,-15671.0
1965-11-18,30886.694559199706,-1299.0362607345028,-15666.0
1965-11-19,30856.607687548618,-1300.4683835892938,-15661.0
1965-11-20,30841.658789346777,-1298.9396142657224,-15667.0
1965-11-21,30842.884148942398,-1293.5986142995782,-15657.0
1965-11-22,30843.61921779282,-1299.9209775218587,-15661.0
1965-11-23,NA,NA,NA
1965-11-24,NA,NA,NA
1965-11-25,30877.004757533097,-1291.4306807871444,-15666.0
1965-11-26,30865.599705071865,-1300.847357020595,-15668.0
1965-11-27,30872.820118400476,-1295.7538102922242,-15667.0
1965-11-28,30876.58994871139,-1301.310546769963,-15675.0
1965-11-29,30876.58994871139,-1301.310546769963,-15669.0
1965-11-30,30860.8306736943,-1295.2506049290039,-15662.0
1965-12-01,30839.811480713848,-1295.2670898429644,-15668.0
1965-12-02,30838.88766249615,-1293.4309954315122,-15672.0
1965-12-03,30850.91474779255,-1293.0364358502259,-15672.0
1965-12-04,NA,NA,NA
1965-12-05,NA,NA,NA
1965-12-06,NA,NA,NA
1965-12-07,NA,NA,NA
1965-12-08,NA,NA,NA
1965-12-09,NA,NA,NA
1965-12-10,30853.610348374204,-1300.3420591121933,-15659.0
1965-12-11,30840.470431874764,-1303.3831135389562,-15660.0
1965-12-12,30847.69125395725,-1298.2947664260669,-15659.0
1965-12-13,30851.574286237774,-1301.1552792623568,-15663.0
1965-12-14,30855.41910879669,-1304.9140280125998,-15661.0
1965-12-15,30863.487848437882,-1303.4564930703266,-15665.0
1965-12-16,30883.432082405106,-1305.1987632046998,-15670.0
1965-12-17,30874.364145511543,-1306.6149434134106,-15667.0
1965-12-18,30861.299735469318,-1307.8607102904386,-15671.0
1965-12-19,30842.544428652014,-1301.6732180645683,-15669.0
1965-12-20,30854.835951341214,-1294.9990022473937,-15668.0
1965-12-21,30872.196599185463,-1286.7315731112965,-15669.0
1965-12-22,30880.114728919925,-1288.8612527120827,-15675.0
1965-12-23,30857.720174059745,-1297.8176526099862,-15664.0
1965-12-24,30870.746446351146,-1297.465932153191,-15662.0
1965-12-25,30835.664103651223,-1298.6871396897532,-15650.0
1965-12-26,30834.85354349759,-1294.1603266420266,-15653.0
1965-12-27,30834.627200269573,-1299.5420040905576,-15654.0
1965-12-28,30827.708943833233,-1297.4537657676533,-15652.0
1965-12-29,30837.662332216405,-1298.7712978817428,-15664.0
1965-12-30,30854.79826829316,-1295.8965324952353,-15667.0
1965-12-31,30855.60857449048,-1300.4262754302601,-15655.0
1966-01-01,30865.296148397603,-1308.0300729386681,-15666.0
1966-01-02,30878.512410493007,-1303.1912043247019,-15668.0
1966-01-03,30865.410178028564,-1305.336562749514,-15673.0
1966-01-04,30867.484285956696,-1303.625274462068,-15673.0
1966-01-05,30853.534645325653,-1302.137047199609,-15667.0
1966-01-06,30857.682409019264,-1298.7152667552737,-15662.0
1966-01-07,30842.544428652014,-1301.6732180645683,-15654.0
1966-01-08,30843.5056608438,-1302.61258611162,-15656.0
1966-01-09,30846.427146488004,-1304.5337467493769,-15658.0
1966-01-10,30844.656132194552,-1299.065851553707,-15660.0
1966-01-11,30855.494973400248,-1303.118930286844,-15663.0
1966-01-12,30866.787698356613,-1296.4000866170522,-15665.0
1966-01-13,30858.605913664895,-1300.5525999073611,-15660.0
1966-01-14,30854.495864020544,-1303.0767349389087,-15655.0
1966-01-15,30855.68417800686,-1298.6311666894323,-15656.0
1966-01-16,30858.416429566252,-1305.040788433674,-15659.0
1966-01-17,30873.47894223492,-1303.87844654968,-15676.0
1966-01-18,30879.662950155685,-1299.6403674795288,-15672.0
1966-01-19,30868.44546012708,-1304.565397042231,-15670.0
1966-01-20,30841.583167909383,-1300.7339070419926,-15658.0
1966-01-21,30830.744022377712,-1296.6830864250917,-15650.0
1966-01-22,30840.77290782469,-1296.2061749532236,-15657.0
1966-01-23,30832.779964217632,-1295.870239699899,-15658.0
1966-01-24,30848.690369463453,-1298.3368164589876,-15664.0
1966-01-25,30847.729006770103,-1297.3974429118773,-15662.0
1966-01-26,30843.657017911963,-1299.023772457712,-15657.0
1966-01-27,30841.73430639632,-1297.1453170930117,-15652.0
1966-01-28,30864.713991162494,-1298.1117993986627,-15651.0
1966-01-29,30867.7490924985,-1297.3399564331944,-15651.0
1966-01-30,NA,NA,NA
1966-01-31,NA,NA,NA
1966-02-01,30865.939208362244,-1292.7667174267237,-15660.0
1966-02-02,30863.865702785217,-1294.4786133569253,-15661.0
1966-02-03,30851.0274690366,-1290.3441807321203,-15655.0
1966-02-04,30850.065862879088,-1289.4050007745059,-15659.0
1966-02-05,30836.040571827078,-1289.7173537772987,-15654.0
1966-02-06,30843.071969008564,-1289.1126849729246,-15653.0
1966-02-07,30848.10509927794,-1288.4241475159808,-15653.0
1966-02-08,30851.95147169319,-1292.1808651610334,-15652.0
1966-02-09,30857.13473607801,-1287.902123427054,-15648.0
1966-02-10,30864.091161839508,-1289.0918329041672,-15654.0
1966-02-11,30860.132126448694,-1288.0272272468403,-15656.0
1966-02-12,30861.131256572255,-1288.0689285201024,-15662.0
1966-02-13,30864.12864694294,-1288.1940323398887,-15665.0
1966-02-14,30869.161762611297,-1287.5045917342293,-15667.0
1966-02-15,NA,NA,-15662.0
1966-02-16,30870.12342768431,-1288.4442399794614,-15669.0
1966-02-17,30878.965428803203,-1292.4124909550242,-15673.0
1966-02-18,30877.04231066539,-1290.5325045806046,-15670.0
1966-02-19,30868.125167437185,-1288.3608374329372,-15674.0
1966-02-20,30859.39461844719,-1281.701908773096,-15678.0
1966-02-21,30864.091161839508,-1289.0918329041672,-15676.0
1966-02-22,30856.508923899775,-1278.8846817808442,-15664.0
1966-02-23,30840.18695386208,-1286.2960976521379,-15668.0
1966-02-24,30846.4802995307,-1279.3678636984891,-15660.0
1966-02-25,NA,NA,NA
1966-02-26,NA,NA,NA
1966-02-27,30879.115598796365,-1288.8195514388206,-15673.0
1966-02-28,30872.159156619837,-1287.629608363411,-15668.0
1966-03-01,30848.2174180346,-1285.7321376035236,-15665.0
1966-03-02,30836.190428517362,-1286.1294088132288,-15653.0
1966-03-03,30842.072841312776,-1289.0709255726988,-15658.0
1966-03-04,30848.18000455152,-1286.6294753299562,-15672.0
1966-03-05,30856.247875486213,-1285.1677114495717,-15678.0
1966-03-06,30848.18000455152,-1286.6294753299562,-15669.0
1966-03-07,30839.112939087056,-1288.048574485126,-15658.0
1966-03-08,30845.18261054298,-1286.5044587007744,-15652.0
1966-03-09,30841.29822191047,-1283.6463637552354,-15650.0
1966-03-10,30834.229562363267,-1285.149133557323,-15659.0
1966-03-11,30855.323455116042,-1283.331009586306,-15669.0
1966-03-12,30859.319999828833,-1283.4972334072486,-15676.0
1966-03-13,30853.362497874445,-1282.3504102836655,-15679.0
1966-03-14,30772.950676807694,-1266.4547535387603,-15665.0
1966-03-15,30816.431658899393,-1279.9175021786118,-15667.0
1966-03-16,30839.634931180884,-1275.4894399750422,-15670.0
1966-03-17,30860.431028389263,-1280.8457135928513,-15678.0
1966-03-18,30864.464837651114,-1280.1137783017532,-15679.0
1966-03-19,30862.242678039493,-1285.417395944883,-15668.0
1966-03-20,30852.51235505298,-1278.719039235524,-15669.0
1966-03-21,30845.518359571084,-1278.4291647812138,-15665.0
1966-03-22,30858.469991610975,-1279.8651401006653,-15666.0
1966-03-23,30795.7465620992,-1271.879586657179,-15666.0
1966-03-24,30807.921074342947,-1267.8939533950497,-15669.0
1966-03-25,30849.58926184124,-1276.8000531366092,-15668.0
1966-03-26,30841.4473721734,-1280.0578070768975,-15665.0
1966-03-27,30840.559817438618,-1277.324996620146,-15669.0
1966-03-28,30825.683962291143,-1274.014229491385,-15669.0
1966-03-29,30830.75377638762,-1272.4270430010577,-15674.0
1966-03-30,NA,NA,NA
1966-03-31,NA,NA,NA
1966-04-01,NA,NA,NA
1966-04-02,NA,NA,NA
1966-04-03,NA,NA,NA
1966-04-04,NA,NA,NA
1966-04-05,NA,NA,NA
1966-04-06,NA,NA,NA
1966-04-07,NA,NA,NA
1966-04-08,NA,NA,NA
1966-04-09,NA,NA,NA
1966-04-10,NA,NA,NA
1966-04-11,NA,NA,NA
1966-04-12,NA,NA,NA
1966-04-13,NA,NA,NA
1966-04-14,NA,NA,NA
1966-04-15,NA,NA,NA
1966-04-16,NA,NA,NA
1966-04-17,NA,NA,NA
1966-04-18,NA,NA,NA
1966-04-19,NA,NA,NA
1966-04-20,NA,NA,NA
1966-04-21,NA,NA,NA
1966-04-22,NA,NA,NA
1966-04-23,NA,NA,NA
1966-04-24,NA,NA,NA
1966-04-25,NA,NA,NA
1966-04-26,NA,NA,NA
1966-04-27,NA,NA,NA
1966-04-28,NA,NA,NA
1966-04-29,NA,NA,NA
1966-04-30,NA,NA,NA
1966-05-01,NA,NA,NA
1966-05-02,NA,NA,NA
1966-05-03,NA,NA,NA
1966-05-04,NA,NA,NA
1966-05-05,NA,NA,NA
1966-05-06,NA,NA,NA
1966-05-07,NA,NA,NA
1966-05-08,NA,NA,NA
1966-05-09,NA,NA,NA
1966-05-10,NA,NA,NA
1966-05-11,NA,NA,NA
1966-05-12,NA,NA,NA
1966-05-13,NA,NA,NA
1966-05-14,NA,NA,NA
1966-05-15,NA,NA,NA
1966-05-16,NA,NA,NA
1966-05-17,NA,NA,NA
1966-05-18,NA,NA,NA
1966-05-19,NA,NA,NA
1966-05-20,NA,NA,NA
1966-05-21,NA,NA,NA
1966-05-22,NA,NA,NA
1966-05-23,NA,NA,NA
1966-05-24,NA,NA,NA
1966-05-25,NA,NA,NA
1966-05-26,NA,NA,NA
1966-05-27,NA,NA,NA
1966-05-28,NA,NA,NA
1966-05-29,NA,NA,NA
1966-05-30,NA,NA,NA
1966-05-31,NA,NA,NA
1966-06-01,NA,NA,NA
1966-06-02,NA,NA,NA
1966-06-03,NA,NA,NA
1966-06-04,NA,NA,NA
1966-06-05,NA,NA,NA
1966-06-06,NA,NA,NA
1966-06-07,NA,NA,NA
1966-06-08,NA,NA,NA
1966-06-09,NA,NA,NA
1966-06-10,NA,NA,NA
1966-06-11,NA,NA,NA
1966-06-12,NA,NA,NA
1966-06-13,NA,NA,NA
1966-06-14,NA,NA,NA
1966-06-15,NA,NA,NA
1966-06-16,NA,NA,NA
1966-06-17,NA,NA,NA
1966-06-18,NA,NA,NA
1966-06-19,NA,NA,NA
1966-06-20,NA,NA,NA
1966-06-21,NA,NA,NA
1966-06-22,NA,NA,NA
1966-06-23,NA,NA,NA
1966-06-24,NA,NA,NA
1966-06-25,NA,NA,NA
1966-06-26,NA,NA,NA
1966-06-27,NA,NA,NA
1966-06-28,NA,NA,NA
1966-06-29,NA,NA,NA
1966-06-30,NA,NA,NA
1966-07-01,NA,NA,NA
1966-07-02,NA,NA,NA
1966-07-03,NA,NA,NA
1966-07-04,NA,NA,NA
1966-07-05,NA,NA,NA
1966-07-06,NA,NA,NA
1966-07-07,NA,NA,NA
1966-07-08,NA,NA,NA
1966-07-09,NA,NA,NA
1966-07-10,NA,NA,NA
1966-07-11,NA,NA,NA
1966-07-12,NA,NA,NA
1966-07-13,NA,NA,NA
1966-07-14,NA,NA,NA
1966-07-15,NA,NA,NA
1966-07-16,NA,NA,NA
1966-07-17,NA,NA,NA
1966-07-18,NA,NA,NA
1966-07-19,NA,NA,NA
1966-07-20,NA,NA,NA
1966-07-21,NA,NA,NA
1966-07-22,NA,NA,NA
1966-07-23,NA,NA,NA
1966-07-24,NA,NA,NA
1966-07-25,NA,NA,NA
1966-07-26,NA,NA,NA
1966-07-27,NA,NA,NA
1966-07-28,NA,NA,NA
1966-07-29,NA,NA,NA
1966-07-30,NA,NA,NA
1966-07-31,NA,NA,NA
1966-08-01,NA,NA,NA
1966-08-02,NA,NA,NA
1966-08-03,NA,NA,NA
1966-08-04,NA,NA,NA
1966-08-05,NA,NA,NA
1966-08-06,NA,NA,NA
1966-08-07,NA,NA,NA
1966-08-08,NA,NA,NA
1966-08-09,NA,NA,NA
1966-08-10,NA,NA,NA
1966-08-11,NA,NA,NA
1966-08-12,NA,NA,NA
1966-08-13,NA,NA,NA
1966-08-14,NA,NA,NA
1966-08-15,NA,NA,NA
1966-08-16,NA,NA,NA
1966-08-17,NA,NA,NA
1966-08-18,NA,NA,NA
1966-08-19,NA,NA,NA
1966-08-20,NA,NA,NA
1966-08-21,NA,NA,NA
1966-08-22,NA,NA,NA
1966-08-23,NA,NA,NA
1966-08-24,NA,NA,NA
1966-08-25,NA,NA,NA
1966-08-26,NA,NA,NA
1966-08-27,NA,NA,NA
1966-08-28,NA,NA,NA
1966-08-29,NA,NA,NA
1966-08-30,NA,NA,NA
1966-08-31,NA,NA,NA
1966-09-01,NA,NA,NA
1966-09-02,NA,NA,NA
1966-09-03,NA,NA,NA
1966-09-04,NA,NA,NA
1966-09-05,NA,NA,NA
1966-09-06,NA,NA,NA
1966-09-07,NA,NA,NA
1966-09-08,NA,NA,NA
1966-09-09,NA,NA,NA
1966-09-10,NA,NA,NA
1966-09-11,NA,NA,NA
1966-09-12,NA,NA,NA
1966-09-13,NA,NA,NA
1966-09-14,NA,NA,NA
1966-09-15,NA,NA,NA
1966-09-16,NA,NA,NA
1966-09-17,NA,NA,NA
1966-09-18,NA,NA,NA
1966-09-19,NA,NA,NA
1966-09-20,NA,NA,NA
1966-09-21,NA,NA,NA
1966-09-22,NA,NA,NA
1966-09-23,NA,NA,NA
1966-09-24,NA,NA,NA
1966-09-25,NA,NA,NA
1966-09-26,NA,NA,NA
1966-09-27,NA,NA,NA
1966-09-28,NA,NA,NA
1966-09-29,NA,NA,NA
1966-09-30,NA,NA,NA
1966-10-01,NA,NA,NA
1966-10-02,NA,NA,NA
1966-10-03,NA,NA,NA
1966-10-04,NA,NA,NA
1966-10-05,NA,NA,NA
1966-10-06,NA,NA,NA
1966-10-07,NA,NA,NA
1966-10-08,NA,NA,NA
1966-10-09,NA,NA,NA
1966-10-10,NA,NA,NA
1966-10-11,NA,NA,NA
1966-10-12,NA,NA,NA
1966-10-13,NA,NA,NA
1966-10-14,NA,NA,NA
1966-10-15,NA,NA,NA
1966-10-16,NA,NA,NA
1966-10-17,NA,NA,NA
1966-10-18,NA,NA,NA
1966-10-19,NA,NA,NA
1966-10-20,NA,NA,NA
1966-10-21,NA,NA,NA
1966-10-22,NA,NA,NA
1966-10-23,NA,NA,NA
1966-10-24,NA,NA,NA
1966-10-25,NA,NA,NA
1966-10-26,NA,NA,NA
1966-10-27,NA,NA,NA
1966-10-28,NA,NA,NA
1966-10-29,NA,NA,NA
1966-10-30,NA,NA,NA
1966-10-31,NA,NA,NA
1966-11-01,NA,NA,NA
1966-11-02,NA,NA,NA
1966-11-03,NA,NA,NA
1966-11-04,NA,NA,NA
1966-11-05,NA,NA,NA
1966-11-06,NA,NA,NA
1966-11-07,NA,NA,NA
1966-11-08,NA,NA,NA
1966-11-09,NA,NA,NA
1966-11-10,NA,NA,NA
1966-11-11,NA,NA,NA
1966-11-12,NA,NA,NA
1966-11-13,NA,NA,NA
1966-11-14,NA,NA,NA
1966-11-15,NA,NA,NA
1966-11-16,NA,NA,NA
1966-11-17,NA,NA,NA
1966-11-18,NA,NA,NA
1966-11-19,NA,NA,NA
1966-11-20,NA,NA,NA
1966-11-21,NA,NA,NA
1966-11-22,NA,NA,NA
1966-11-23,NA,NA,NA
1966-11-24,NA,NA,NA
1966-11-25,NA,NA,NA
1966-11-26,NA,NA,NA
1966-11-27,NA,NA,NA
1966-11-28,NA,NA,NA
1966-11-29,NA,NA,NA
1966-11-30,NA,NA,NA
1966-12-01,NA,NA,NA
1966-12-02,NA,NA,NA
1966-12-03,NA,NA,NA
1966-12-04,NA,NA,NA
1966-12-05,NA,NA,NA
1966-12-06,NA,NA,NA
1966-12-07,NA,NA,NA
1966-12-08,NA,NA,NA
1966-12-09,NA,NA,NA
1966-12-10,NA,NA,NA
1966-12-11,NA,NA,NA
1966-12-12,NA,NA,NA
1966-12-13,NA,NA,NA
1966-12-14,NA,NA,NA
1966-12-15,NA,NA,NA
1966-12-16,NA,NA,NA
1966-12-17,NA,NA,NA
1966-12-18,NA,NA,NA
1966-12-19,NA,NA,NA
1966-12-20,NA,NA,NA
1966-12-21,NA,NA,NA
1966-12-22,NA,NA,NA
1966-12-23,NA,NA,NA
1966-12-24,NA,NA,NA
1966-12-25,NA,NA,NA
1966-12-26,NA,NA,NA
1966-12-27,NA,NA,NA
1966-12-28,NA,NA,NA
1966-12-29,NA,NA,NA
1966-12-30,NA,NA,NA
1966-12-31,NA,NA,NA
1967-01-01,NA,NA,NA
1967-01-02,NA,NA,NA
1967-01-03,NA,NA,NA
1967-01-04,NA,NA,NA
1967-01-05,NA,NA,NA
1967-01-06,NA,NA,NA
1967-01-07,NA,NA,NA
1967-01-08,NA,NA,NA
1967-01-09,NA,NA,NA
1967-01-10,NA,NA,NA
1967-01-11,NA,NA,NA
1967-01-12,NA,NA,NA
1967-01-13,NA,NA,NA
1967-01-14,NA,NA,NA
1967-01-15,NA,NA,NA
1967-01-16,NA,NA,NA
1967-01-17,NA,NA,NA
1967-01-18,NA,NA,NA
1967-01-19,NA,NA,NA
1967-01-20,NA,NA,NA
1967-01-21,NA,NA,NA
1967-01-22,NA,NA,NA
1967-01-23,NA,NA,NA
1967-01-24,NA,NA,NA
1967-01-25,NA,NA,NA
1967-01-26,NA,NA,NA
1967-01-27,NA,NA,NA
1967-01-28,NA,NA,NA
1967-01-29,NA,NA,NA
1967-01-30,NA,NA,NA
1967-01-31,NA,NA,NA
1967-02-01,NA,NA,NA
1967-02-02,NA,NA,NA
1967-02-03,NA,NA,NA
1967-02-04,NA,NA,NA
1967-02-05,NA,NA,NA
1967-02-06,NA,NA,NA
1967-02-07,NA,NA,NA
1967-02-08,NA,NA,NA
1967-02-09,NA,NA,NA
1967-02-10,NA,NA,NA
1967-02-11,NA,NA,NA
1967-02-12,NA,NA,NA
1967-02-13,NA,NA,NA
1967-02-14,NA,NA,NA
1967-02-15,NA,NA,NA
1967-02-16,NA,NA,NA
1967-02-17,NA,NA,NA
1967-02-18,NA,NA,NA
1967-02-19,NA,NA,NA
1967-02-20,NA,NA,NA
1967-02-21,NA,NA,NA
1967-02-22,NA,NA,NA
1967-02-23,NA,NA,NA
1967-02-24,NA,NA,NA
1967-02-25,NA,NA,NA
1967-02-26,NA,NA,NA
1967-02-27,NA,NA,NA
1967-02-28,NA,NA,NA
1967-03-01,NA,NA,NA
1967-03-02,NA,NA,NA
1967-03-03,NA,NA,NA
1967-03-04,NA,NA,NA
1967-03-05,NA,NA,NA
1967-03-06,NA,NA,NA
1967-03-07,NA,NA,NA
1967-03-08,NA,NA,NA
1967-03-09,NA,NA,NA
1967-03-10,NA,NA,NA
1967-03-11,NA,NA,NA
1967-03-12,NA,NA,NA
1967-03-13,NA,NA,NA
1967-03-14,NA,NA,NA
1967-03-15,NA,NA,NA
1967-03-16,NA,NA,NA
1967-03-17,NA,NA,NA
1967-03-18,NA,NA,NA
1967-03-19,NA,NA,NA
1967-03-20,NA,NA,NA
1967-03-21,NA,NA,NA
1967-03-22,NA,NA,NA
1967-03-23,NA,NA,NA
1967-03-24,NA,NA,NA
1967-03-25,NA,NA,NA
1967-03-26,NA,NA,NA
1967-03-27,NA,NA,NA
1967-03-28,NA,NA,NA
1967-03-29,NA,NA,NA
1967-03-30,NA,NA,NA
1967-03-31,NA,NA,NA
1967-04-01,30831.707307102115,-1249.1090941891164,-15690.0
1967-04-02,30820.861403517552,-1245.0776462382619,-15698.0
1967-04-03,30836.739536682082,-1248.4144931985388,-15686.0
1967-04-04,30838.846734038958,-1245.8042038999454,-15688.0
1967-04-05,NA,NA,NA
1967-04-06,30828.85488374929,-1245.4005607545655,-15688.0
1967-04-07,30834.886215156203,-1244.7457966869927,-15692.0
1967-04-08,30840.02679362179,-1241.3590812855452,-15691.0
1967-04-09,30838.919159800393,-1244.010070415903,-15690.0
1967-04-10,30840.989860620863,-1242.2964288289522,-15686.0
1967-04-11,30842.770934615088,-1247.7600229461846,-15686.0
1967-04-12,30841.098154001786,-1239.605040013844,-15685.0
1967-04-13,30845.695831660545,-1249.675822235221,-15688.0
1967-04-14,30869.039459946805,-1241.6274885194644,-15685.0
1967-04-15,30859.19175362185,-1237.6349676690443,-15692.0
1967-04-16,30846.948841920068,-1243.4352190468871,-15687.0
1967-04-17,30842.20540924251,-1236.9537154202949,-15686.0
1967-04-18,30827.819459618015,-1246.256941885135,-15680.0
1967-04-19,30812.976431301213,-1242.0657969994788,-15681.0
1967-04-20,30821.96912822973,-1242.4282910708516,-15681.0
1967-04-21,30820.89760831848,-1244.1811031953007,-15681.0
1967-04-22,30827.0012045576,-1241.7329560756443,-15681.0
1967-04-23,NA,NA,NA
1967-04-24,NA,NA,NA
1967-04-25,NA,NA,NA
1967-04-26,30839.954522086773,-1243.1532792135972,-15681.0
1967-04-27,30843.770117294065,-1247.800445390883,-15676.0
1967-04-28,30848.83858432863,-1246.207847045325,-15673.0
1967-04-29,30847.766848009967,-1247.962135169676,-15675.0
1967-04-30,30849.946407562908,-1243.5560504040116,-15677.0
1967-05-01,30840.917534551547,-1244.090682784385,-15662.0
1967-05-02,30827.0012045576,-1241.7329560756443,-15661.0
1967-05-03,30722.122268702064,-1236.613240637831,-15669.0
1967-05-04,30771.298327282515,-1233.2133851772237,-15669.0
1967-05-05,30799.13203845497,-1237.9182839819455,-15666.0
1967-05-06,30809.051876058133,-1240.1122926408068,-15664.0
1967-05-07,NA,NA,NA
1967-05-08,30815.11913009185,-1238.560857708383,NA
1967-05-09,30824.075817307534,-1239.8189419737473,NA
1967-05-10,30833.068545835387,-1240.1806512828907,NA
1967-05-11,30831.961013705866,-1242.831062261266,-15664.0
1967-05-12,30831.81619503559,-1246.4185154036757,-15660.0
1967-05-13,30824.039739395386,-1240.7155774689058,-15666.0
1967-05-14,30829.89028414273,-1244.54412043996,-15664.0
1967-05-15,NA,NA,-15664.0
1967-05-16,30837.02922095434,-1241.2384243199253,-15662.0
1967-05-17,NA,NA,-15659.0
1967-05-18,30839.099767547174,-1239.5247182980395,-15657.0
1967-05-19,NA,NA,NA
1967-05-20,30859.586188611913,-1227.760671968636,NA
1967-05-21,NA,NA,NA
1967-05-22,NA,NA,NA
1967-05-23,NA,NA,NA
1967-05-24,30858.22854401435,-1236.6972650483244,NA
1967-05-25,NA,NA,NA
1967-05-26,NA,NA,-15676.0
1967-05-27,NA,NA,-15673.0
1967-05-28,30783.610627386868,-1225.634832009265,-15665.0
1967-05-29,NA,NA,-15670.0
1967-05-30,NA,NA,-15669.0
1967-05-31,NA,NA,NA
1967-06-01,NA,NA,NA
1967-06-02,NA,NA,NA
1967-06-03,NA,NA,NA
1967-06-04,NA,NA,NA
1967-06-05,NA,NA,NA
1967-06-06,NA,NA,NA
1967-06-07,NA,NA,NA
1967-06-08,NA,NA,NA
1967-06-09,NA,NA,NA
1967-06-10,NA,NA,NA
1967-06-11,NA,NA,NA
1967-06-12,NA,NA,NA
1967-06-13,NA,NA,NA
1967-06-14,NA,NA,NA
1967-06-15,NA,NA,NA
1967-06-16,NA,NA,NA
1967-06-17,NA,NA,NA
1967-06-18,NA,NA,NA
1967-06-19,NA,NA,NA
1967-06-20,NA,NA,NA
1967-06-21,NA,NA,NA
1967-06-22,NA,NA,NA
1967-06-23,NA,NA,NA
1967-06-24,NA,NA,NA
1967-06-25,NA,NA,NA
1967-06-26,NA,NA,NA
1967-06-27,NA,NA,NA
1967-06-28,NA,NA,NA
1967-06-29,NA,NA,NA
1967-06-30,NA,NA,NA
1967-07-01,NA,NA,NA
1967-07-02,NA,NA,NA
1967-07-03,NA,NA,NA
1967-07-04,NA,NA,NA
1967-07-05,NA,NA,NA
1967-07-06,NA,NA,NA
1967-07-07,NA,NA,NA
1967-07-08,NA,NA,NA
1967-07-09,NA,NA,NA
1967-07-10,NA,NA,NA
1967-07-11,NA,NA,NA
1967-07-12,NA,NA,NA
1967-07-13,NA,NA,NA
1967-07-14,NA,NA,NA
1967-07-15,NA,NA,NA
1967-07-16,NA,NA,NA
1967-07-17,NA,NA,NA
1967-07-18,NA,NA,NA
1967-07-19,NA,NA,NA
1967-07-20,NA,NA,NA
1967-07-21,NA,NA,NA
1967-07-22,NA,NA,NA
1967-07-23,NA,NA,NA
1967-07-24,NA,NA,NA
1967-07-25,NA,NA,NA
1967-07-26,NA,NA,NA
1967-07-27,NA,NA,NA
1967-07-28,NA,NA,NA
1967-07-29,NA,NA,NA
1967-07-30,NA,NA,NA
1967-07-31,NA,NA,NA
1967-08-01,NA,NA,NA
1967-08-02,NA,NA,NA
1967-08-03,NA,NA,NA
1967-08-04,NA,NA,NA
1967-08-05,NA,NA,NA
1967-08-06,NA,NA,NA
1967-08-07,NA,NA,NA
1967-08-08,NA,NA,NA
1967-08-09,NA,NA,NA
1967-08-10,NA,NA,NA
1967-08-11,NA,NA,NA
1967-08-12,NA,NA,NA
1967-08-13,NA,NA,NA
1967-08-14,NA,NA,NA
1967-08-15,NA,NA,NA
1967-08-16,NA,NA,NA
1967-08-17,NA,NA,NA
1967-08-18,NA,NA,NA
1967-08-19,NA,NA,NA
1967-08-20,NA,NA,NA
1967-08-21,NA,NA,NA
1967-08-22,NA,NA,NA
1967-08-23,NA,NA,NA
1967-08-24,NA,NA,NA
1967-08-25,NA,NA,NA
1967-08-26,NA,NA,NA
1967-08-27,NA,NA,NA
1967-08-28,NA,NA,NA
1967-08-29,NA,NA,NA
1967-08-30,NA,NA,NA
1967-08-31,NA,NA,NA
1967-09-01,NA,NA,NA
1967-09-02,NA,NA,NA
1967-09-03,NA,NA,NA
1967-09-04,NA,NA,NA
1967-09-05,NA,NA,NA
1967-09-06,NA,NA,NA
1967-09-07,NA,NA,NA
1967-09-08,NA,NA,NA
1967-09-09,NA,NA,NA
1967-09-10,NA,NA,NA
1967-09-11,NA,NA,NA
1967-09-12,NA,NA,NA
1967-09-13,NA,NA,NA
1967-09-14,NA,NA,NA
1967-09-15,NA,NA,NA
1967-09-16,NA,NA,NA
1967-09-17,NA,NA,NA
1967-09-18,NA,NA,NA
1967-09-19,NA,NA,NA
1967-09-20,NA,NA,NA
1967-09-21,NA,NA,NA
1967-09-22,NA,NA,NA
1967-09-23,NA,NA,NA
1967-09-24,NA,NA,NA
1967-09-25,NA,NA,NA
1967-09-26,NA,NA,NA
1967-09-27,NA,NA,NA
1967-09-28,NA,NA,NA
1967-09-29,NA,NA,NA
1967-09-30,NA,NA,NA
1967-10-01,NA,NA,NA
1967-10-02,NA,NA,NA
1967-10-03,NA,NA,NA
1967-10-04,NA,NA,NA
1967-10-05,NA,NA,NA
1967-10-06,NA,NA,NA
1967-10-07,NA,NA,NA
1967-10-08,NA,NA,NA
1967-10-09,NA,NA,NA
1967-10-10,NA,NA,NA
1967-10-11,NA,NA,NA
1967-10-12,NA,NA,NA
1967-10-13,NA,NA,NA
1967-10-14,NA,NA,NA
1967-10-15,NA,NA,NA
1967-10-16,NA,NA,NA
1967-10-17,NA,NA,NA
1967-10-18,NA,NA,NA
1967-10-19,NA,NA,NA
1967-10-20,NA,NA,NA
1967-10-21,NA,NA,NA
1967-10-22,NA,NA,NA
1967-10-23,NA,NA,NA
1967-10-24,NA,NA,NA
1967-10-25,NA,NA,NA
1967-10-26,NA,NA,NA
1967-10-27,NA,NA,NA
1967-10-28,NA,NA,NA
1967-10-29,NA,NA,NA
1967-10-30,NA,NA,NA
1967-10-31,NA,NA,NA
1967-11-01,NA,NA,NA
1967-11-02,NA,NA,NA
1967-11-03,NA,NA,NA
1967-11-04,NA,NA,NA
1967-11-05,NA,NA,NA
1967-11-06,NA,NA,NA
1967-11-07,NA,NA,NA
1967-11-08,NA,NA,NA
1967-11-09,NA,NA,NA
1967-11-10,NA,NA,NA
1967-11-11,NA,NA,NA
1967-11-12,NA,NA,NA
1967-11-13,NA,NA,NA
1967-11-14,NA,NA,NA
1967-11-15,NA,NA,NA
1967-11-16,NA,NA,NA
1967-11-17,NA,NA,NA
1967-11-18,NA,NA,NA
1967-11-19,NA,NA,NA
1967-11-20,NA,NA,NA
1967-11-21,NA,NA,NA
1967-11-22,NA,NA,NA
1967-11-23,NA,NA,NA
1967-11-24,NA,NA,NA
1967-11-25,NA,NA,NA
1967-11-26,NA,NA,NA
1967-11-27,NA,NA,NA
1967-11-28,NA,NA,NA
1967-11-29,NA,NA,NA
1967-11-30,NA,NA,NA
1967-12-01,NA,NA,NA
1967-12-02,NA,NA,NA
1967-12-03,NA,NA,NA
1967-12-04,NA,NA,NA
1967-12-05,NA,NA,NA
1967-12-06,NA,NA,NA
1967-12-07,NA,NA,NA
1967-12-08,NA,NA,NA
1967-12-09,NA,NA,NA
1967-12-10,NA,NA,NA
1967-12-11,NA,NA,NA
1967-12-12,NA,NA,NA
1967-12-13,NA,NA,NA
1967-12-14,NA,NA,NA
1967-12-15,NA,NA,NA
1967-12-16,NA,NA,NA
1967-12-17,NA,NA,NA
1967-12-18,NA,NA,NA
1967-12-19,NA,NA,NA
1967-12-20,NA,NA,NA
1967-12-21,NA,NA,NA
1967-12-22,NA,NA,NA
1967-12-23,NA,NA,NA
1967-12-24,NA,NA,NA
1967-12-25,NA,NA,NA
1967-12-26,NA,NA,NA
1967-12-27,NA,NA,NA
1967-12-28,NA,NA,NA
1967-12-29,NA,NA,NA
1967-12-30,NA,NA,NA
1967-12-31,NA,NA,NA
